Unnamed: 0,Ticker,Sector
0,A,Healthcare
1,AA,Basic Materials
2,AAIGF,Financial Services
3,AAL,Industrials
4,AAN,Consumer Cyclical
5,AAON,Industrials
6,AAP,Consumer Cyclical
7,AAPL,Technology
8,AAT,Real Estate
9,AAWW,Industrials
10,AB,Financial Services
11,ABB,Industrials
12,ABBV,Healthcare
13,ABC,Healthcare
14,ABCB,Financial Services
15,ABCL,Healthcare
16,ABEO,Healthcare
17,ABEV,Consumer Defensive
18,ABG,Consumer Cyclical
19,ABM,Industrials
20,ABMD,Healthcare
21,ABNB,Communication Services
22,ABR,Real Estate
23,ABT,Healthcare
24,ABTX,Financial Services
25,ABUS,Healthcare
26,ACA,Industrials
27,ACAD,Healthcare
28,ACBI,Financial Services
29,ACC,Real Estate
30,ACCD,Healthcare
31,ACGBY,Financial Services
32,ACGL,Financial Services
33,ACH,Basic Materials
34,ACHC,Healthcare
35,ACHR,Industrials
36,ACHV,Healthcare
37,ACI,Consumer Defensive
38,ACIU,Healthcare
39,ACIW,Technology
40,ACLS,Technology
41,ACM,Industrials
42,ACMR,Technology
43,ACN,Technology
44,ACNB,Financial Services
45,ACOR,Healthcare
46,ACRE,Real Estate
47,ACRX,Healthcare
48,ACST,Healthcare
49,ACTG,Industrials
50,ADAP,Healthcare
51,ADBE,Technology
52,ADC,Real Estate
53,ADCT,Healthcare
54,ADDDF,Consumer Cyclical
55,ADES,Industrials
56,ADI,Technology
57,ADIL,Healthcare
58,ADM,Consumer Defensive
59,ADMA,Healthcare
60,ADMS,Healthcare
61,ADN,Utilities
62,ADNT,Consumer Cyclical
63,ADP,Industrials
64,ADPT,Healthcare
65,ADS,Financial Services
66,ADSK,Technology
67,ADT,Industrials
68,ADTN,Technology
69,ADUS,Healthcare
70,ADV,Communication Services
71,ADVM,Healthcare
72,ADXS,Healthcare
73,AEE,Utilities
74,AEG,Financial Services
75,AEHR,Technology
76,AEIS,Industrials
77,AEL,Financial Services
78,AEM,Basic Materials
79,AEMD,Healthcare
80,AEO,Consumer Cyclical
81,AEP,Utilities
82,AER,Industrials
83,AES,Utilities
84,AESE,Communication Services
85,AEZS,Healthcare
86,AFG,Financial Services
87,AFI,Industrials
88,AFL,Financial Services
89,AFMD,Healthcare
90,AFRM,Technology
91,AG,Basic Materials
92,AGCO,Industrials
93,AGE,Healthcare
94,AGEN,Healthcare
95,AGFS,Consumer Defensive
96,AGFY,Industrials
97,AGI,Basic Materials
98,AGIO,Healthcare
99,AGL,Healthcare
100,AGM,Financial Services
101,AGNC,Real Estate
102,AGO,Financial Services
103,AGR,Utilities
104,AGRX,Healthcare
105,AGS,Consumer Cyclical
106,AGX,Industrials
107,AGYS,Technology
108,AHCHF,Basic Materials
109,AHCO,Healthcare
110,AHH,Real Estate
111,AHI,Technology
112,AHODF,Consumer Defensive
113,AHPI,Healthcare
114,AHT,Real Estate
115,AI,Technology
116,AIABF,Industrials
117,AIG,Financial Services
118,AIM,Healthcare
119,AIMC,Industrials
120,AIN,Consumer Cyclical
121,AIP,Technology
122,AIR,Industrials
123,AIRC,Real Estate
124,AIRI,Industrials
125,AIRS,Healthcare
126,AIT,Industrials
127,AIV,Real Estate
128,AIVAF,Financial Services
129,AIZ,Financial Services
130,AJG,Financial Services
131,AJRD,Industrials
132,AKAM,Technology
133,AKBA,Healthcare
134,AKR,Real Estate
135,AKTS,Technology
136,AL,Industrials
137,ALB,Basic Materials
138,ALC,Healthcare
139,ALCO,Consumer Defensive
140,ALDX,Healthcare
141,ALE,Utilities
142,ALEC,Healthcare
143,ALEX,Real Estate
144,ALGM,Technology
145,ALGN,Healthcare
146,ALGT,Industrials
147,ALIZF,Financial Services
148,ALK,Industrials
149,ALKS,Healthcare
150,ALL,Financial Services
151,ALLE,Industrials
152,ALLK,Healthcare
153,ALLO,Healthcare
154,ALLT,Technology
155,ALLY,Financial Services
156,ALNA,Healthcare
157,ALNY,Healthcare
158,ALPMF,Healthcare
159,ALPVN,Utilities
160,ALRM,Technology
161,ALRN,Healthcare
162,ALSN,Consumer Cyclical
163,ALT,Healthcare
164,ALTM,Energy
165,ALTR,Technology
166,ALV,Consumer Cyclical
167,AM,Energy
168,AMADF,Technology
169,AMAT,Technology
170,AMBA,Technology
171,AMBC,Financial Services
172,AMC,Communication Services
173,AMCR,Consumer Cyclical
174,AMCX,Communication Services
175,AMD,Technology
176,AME,Industrials
177,AMED,Healthcare
178,AMEH,Healthcare
179,AMG,Financial Services
180,AMGN,Healthcare
181,AMH,Real Estate
182,AMK,Financial Services
183,AMKR,Technology
184,AMN,Healthcare
185,AMNB,Financial Services
186,AMOT,Technology
187,AMP,Financial Services
188,AMPE,Healthcare
189,AMPY,Energy
190,AMRC,Industrials
191,AMRN,Healthcare
192,AMRS,Basic Materials
193,AMRX,Healthcare
194,AMSF,Financial Services
195,AMSWA,Technology
196,AMT,Real Estate
197,AMTB,Financial Services
198,AMTX,Energy
199,AMWD,Consumer Cyclical
200,AMWL,Healthcare
201,AMX,Communication Services
202,AMZN,Consumer Cyclical
203,AN,Consumer Cyclical
204,ANAB,Healthcare
205,ANAT,Financial Services
206,ANCUF,Consumer Defensive
207,ANDE,Consumer Defensive
208,ANET,Technology
209,ANF,Consumer Cyclical
210,ANGI,Communication Services
211,ANGO,Healthcare
212,ANIX,Healthcare
213,ANSS,Technology
214,ANTM,Healthcare
215,ANY,Technology
216,ANZFF,Industrials
217,AON,Financial Services
218,AOS,Industrials
219,AOSL,Technology
220,APA,Energy
221,APAM,Financial Services
222,APD,Basic Materials
223,APDN,Healthcare
224,APG,Industrials
225,APH,Technology
226,APLE,Real Estate
227,APLS,Healthcare
228,APM,Healthcare
229,APO,Financial Services
230,APP,Technology
231,APPF,Technology
232,APPH,Consumer Defensive
233,APPN,Technology
234,APPS,Technology
235,APRE,Healthcare
236,APRN,Consumer Cyclical
237,APTO,Healthcare
238,APTS,Real Estate
239,APTV,Consumer Cyclical
240,APTX,Healthcare
241,AQB,Consumer Defensive
242,AQN,Utilities
243,AQST,Healthcare
244,AQUA,Industrials
245,AR,Energy
246,ARAY,Healthcare
247,ARC,Industrials
248,ARCB,Industrials
249,ARCC,Financial Services
250,ARCH,Energy
251,ARCO,Consumer Cyclical
252,ARCT,Healthcare
253,ARDX,Healthcare
254,ARE,Real Estate
255,ARES,Financial Services
256,ARGO,Financial Services
257,ARGX,Healthcare
258,ARHS,Consumer Cyclical
259,ARI,Real Estate
260,ARIS,Utilities
261,ARLO,Industrials
262,ARLP,Energy
263,ARMK,Consumer Cyclical
264,ARNA,Healthcare
265,ARNC,Industrials
266,AROC,Energy
267,AROW,Financial Services
268,ARTNA,Utilities
269,ARVN,Healthcare
270,ARW,Technology
271,ARWR,Healthcare
272,ASAI,Consumer Defensive
273,ASAN,Technology
274,ASAZF,Industrials
275,ASB,Financial Services
276,ASC,Industrials
277,ASGN,Industrials
278,ASH,Basic Materials
279,ASIX,Basic Materials
280,ASM,Basic Materials
281,ASML,Technology
282,ASND,Healthcare
283,ASO,Consumer Cyclical
284,ASPS,Financial Services
285,ASR,Industrials
286,ASRT,Healthcare
287,ASTC,Industrials
288,ASTE,Industrials
289,ASTR,Industrials
290,ASTS,Communication Services
291,ASUR,Technology
292,ASX,Technology
293,ATC,Technology
294,ATCO,Financial Services
295,ATEN,Technology
296,ATER,Technology
297,ATGE,Consumer Defensive
298,ATH,Financial Services
299,ATHX,Healthcare
300,ATI,Industrials
301,ATIP,Healthcare
302,ATKR,Industrials
303,ATLKY,Industrials
304,ATNF,Healthcare
305,ATNI,Communication Services
306,ATNX,Healthcare
307,ATO,Utilities
308,ATOS,Healthcare
309,ATR,Consumer Cyclical
310,ATRC,Healthcare
311,ATRI,Healthcare
312,ATRO,Industrials
313,ATRS,Healthcare
314,ATSG,Industrials
315,ATUS,Communication Services
316,ATVI,Communication Services
317,AU,Basic Materials
318,AUD,Communication Services
319,AUDC,Technology
320,AUGX,Healthcare
321,AUMN,Basic Materials
322,AUPH,Healthcare
323,AURA,Healthcare
324,AVA,Utilities
325,AVAH,Healthcare
326,AVAL,Financial Services
327,AVAV,Industrials
328,AVB,Real Estate
329,AVCO,Healthcare
330,AVCT,Technology
331,AVDL,Healthcare
332,AVEO,Healthcare
333,AVGO,Technology
334,AVGR,Healthcare
335,AVID,Communication Services
336,AVIR,Healthcare
337,AVLR,Technology
338,AVNS,Healthcare
339,AVNT,Basic Materials
340,AVPT,Technology
341,AVRO,Healthcare
342,AVT,Technology
343,AVTR,Basic Materials
344,AVXL,Healthcare
345,AVY,Industrials
346,AVYA,Technology
347,AWI,Industrials
348,AWK,Utilities
349,AWR,Utilities
350,AX,Financial Services
351,AXAHY,Financial Services
352,AXDX,Healthcare
353,AXGN,Healthcare
354,AXL,Consumer Cyclical
355,AXNX,Healthcare
356,AXON,Industrials
357,AXP,Financial Services
358,AXS,Financial Services
359,AXSM,Healthcare
360,AXTA,Basic Materials
361,AXTI,Technology
362,AY,Utilities
363,AYI,Industrials
364,AYTU,Healthcare
365,AYX,Technology
366,AZEK,Industrials
367,AZN,Healthcare
368,AZO,Consumer Cyclical
369,AZPN,Technology
370,AZZ,Industrials
371,B,Industrials
372,BA,Industrials
373,BABA,Consumer Cyclical
374,BABWF,Industrials
375,BAC,Financial Services
376,BACHF,Financial Services
377,BAH,Industrials
378,BAK,Basic Materials
379,BALY,Consumer Cyclical
380,BAM,Financial Services
381,BAND,Technology
382,BANF,Financial Services
383,BANR,Financial Services
384,BAP,Financial Services
385,BARK,Consumer Cyclical
386,BATRK,Communication Services
387,BAX,Healthcare
388,BAYZF,Healthcare
389,BB,Technology
390,BBAR,Financial Services
391,BBBY,Consumer Cyclical
392,BBD,Financial Services
393,BBGI,Communication Services
394,BBIG,Consumer Cyclical
395,BBIO,Healthcare
396,BBSI,Industrials
397,BBVA,Financial Services
398,BBW,Consumer Cyclical
399,BBWI,Consumer Cyclical
400,BBY,Consumer Cyclical
401,BC,Consumer Cyclical
402,BCBP,Financial Services
403,BCC,Basic Materials
404,BCE,Communication Services
405,BCH,Financial Services
406,BCLI,Healthcare
407,BCO,Industrials
408,BCOR,Financial Services
409,BCOV,Technology
410,BCPC,Basic Materials
411,BCRX,Healthcare
412,BCS,Financial Services
413,BDC,Industrials
414,BDN,Real Estate
415,BDX,Healthcare
416,BE,Industrials
417,BEAM,Healthcare
418,BECN,Industrials
419,BELFB,Technology
420,BEN,Financial Services
421,BENE,Financial Services
422,BEP,Utilities
423,BEPC,Utilities
424,BERY,Consumer Cyclical
425,BF-A,Consumer Defensive
426,BFAM,Consumer Cyclical
427,BFFAF,Basic Materials
428,BFIN,Financial Services
429,BFLY,Healthcare
430,BFRI,Healthcare
431,BG,Consumer Defensive
432,BGCP,Financial Services
433,BGFV,Consumer Cyclical
434,BGNE,Healthcare
435,BGS,Consumer Defensive
436,BGSF,Industrials
437,BHAT,Communication Services
438,BHB,Financial Services
439,BHC,Healthcare
440,BHE,Technology
441,BHFAP,Financial Services
442,BHG,Healthcare
443,BHLB,Financial Services
444,BHP,Basic Materials
445,BHR,Real Estate
446,BHVN,Healthcare
447,BIDU,Communication Services
448,BIG,Consumer Defensive
449,BIGC,Technology
450,BIIB,Healthcare
451,BILL,Technology
452,BIO,Healthcare
453,BIOC,Healthcare
454,BIOL,Healthcare
455,BIP,Utilities
456,BIRD,Consumer Cyclical
457,BITF,Financial Services
458,BJ,Consumer Defensive
459,BJRI,Consumer Cyclical
460,BK,Financial Services
461,BKD,Healthcare
462,BKE,Consumer Cyclical
463,BKEP,Energy
464,BKFCF,Financial Services
465,BKH,Utilities
466,BKI,Technology
467,BKKT,Technology
468,BKNG,Consumer Cyclical
469,BKR,Energy
470,BKSY,Technology
471,BKU,Financial Services
472,BKUH,Healthcare
473,BKYI,Industrials
474,BL,Technology
475,BLBD,Consumer Cyclical
476,BLBX,Technology
477,BLD,Industrials
478,BLDP,Industrials
479,BLDR,Industrials
480,BLFS,Healthcare
481,BLK,Financial Services
482,BLKB,Technology
483,BLL,Consumer Cyclical
484,BLMN,Consumer Cyclical
485,BLND,Technology
486,BLNK,Consumer Cyclical
487,BLPH,Healthcare
488,BLU,Healthcare
489,BLUE,Healthcare
490,BLX,Financial Services
491,BLZE,Technology
492,BMA,Financial Services
493,BMBL,Technology
494,BMI,Industrials
495,BMO,Financial Services
496,BMRA,Healthcare
497,BMRC,Financial Services
498,BMRN,Healthcare
499,BMXMF,Healthcare
500,BMY,Healthcare
501,BNED,Consumer Cyclical
502,BNFT,Technology
503,BNGO,Healthcare
504,BNL,Real Estate
505,BNPQF,Financial Services
506,BNS,Financial Services
507,BNTC,Healthcare
508,BNTX,Healthcare
509,BODY,Communication Services
510,BOH,Financial Services
511,BOMN,Communication Services
512,BOOM,Energy
513,BOOT,Consumer Cyclical
514,BORR,Energy
515,BOX,Technology
516,BOXL,Technology
517,BP,Energy
518,BPMC,Healthcare
519,BPOPO,Financial Services
520,BR,Technology
521,BRC,Industrials
522,BRFS,Consumer Defensive
523,BRG,Real Estate
524,BRK-A,Financial Services
525,BRKL,Financial Services
526,BRKR,Healthcare
527,BRKS,Technology
528,BRMK,Real Estate
529,BRO,Financial Services
530,BROG,Energy
531,BROS,Consumer Cyclical
532,BRP,Financial Services
533,BRX,Real Estate
534,BRZE,Technology
535,BSAC,Financial Services
536,BSBR,Financial Services
537,BSET,Consumer Cyclical
538,BSGM,Healthcare
539,BSM,Energy
540,BSMX,Financial Services
541,BSRR,Financial Services
542,BSX,Healthcare
543,BSY,Technology
544,BTBT,Technology
545,BTCM,Technology
546,BTG,Basic Materials
547,BTI,Consumer Defensive
548,BTU,Energy
549,BTX,Healthcare
550,BUD,Consumer Defensive
551,BUR,Financial Services
552,BURL,Consumer Cyclical
553,BUSE,Financial Services
554,BV,Industrials
555,BVRDF,Industrials
556,BVXV,Healthcare
557,BW,Industrials
558,BWA,Consumer Cyclical
559,BWEN,Industrials
560,BWFG,Financial Services
561,BWXT,Industrials
562,BX,Financial Services
563,BXC,Industrials
564,BXMT,Real Estate
565,BXP,Real Estate
566,BXRX,Healthcare
567,BYD,Consumer Cyclical
568,BYND,Consumer Defensive
569,BYSI,Healthcare
570,BZH,Consumer Cyclical
571,C,Financial Services
572,CAAP,Industrials
573,CABO,Communication Services
574,CAC,Financial Services
575,CACC,Financial Services
576,CACI,Technology
577,CADE,Financial Services
578,CAE,Industrials
579,CAG,Consumer Defensive
580,CAH,Healthcare
581,CAI,Industrials
582,CAJ,Technology
583,CAKE,Consumer Cyclical
584,CAL,Consumer Cyclical
585,CALA,Healthcare
586,CALM,Consumer Defensive
587,CALX,Technology
588,CAMP,Technology
589,CAMT,Technology
590,CANF,Healthcare
591,CAPMF,Technology
592,CAPR,Healthcare
593,CAR,Industrials
594,CARA,Healthcare
595,CARG,Communication Services
596,CARR,Industrials
597,CARS,Consumer Cyclical
598,CARV,Financial Services
599,CASH,Financial Services
600,CASS,Industrials
601,CASY,Consumer Defensive
602,CAT,Industrials
603,CATO,Consumer Cyclical
604,CATY,Financial Services
605,CB,Financial Services
606,CBAT,Industrials
607,CBAY,Healthcare
608,CBCY,Financial Services
609,CBCYB,Financial Services
610,CBD,Consumer Cyclical
611,CBKLP,Financial Services
612,CBL,Real Estate
613,CBOE,Financial Services
614,CBRE,Real Estate
615,CBRL,Consumer Cyclical
616,CBSH,Financial Services
617,CBT,Basic Materials
618,CBU,Financial Services
619,CBZ,Industrials
620,CC,Basic Materials
621,CCBG,Financial Services
622,CCCC,Healthcare
623,CCEL,Healthcare
624,CCEP,Consumer Defensive
625,CCF,Basic Materials
626,CCI,Real Estate
627,CCJ,Energy
628,CCK,Consumer Cyclical
629,CCL,Consumer Cyclical
630,CCLP,Energy
631,CCMP,Technology
632,CCNE,Financial Services
633,CCO,Communication Services
634,CCOI,Communication Services
635,CCRN,Healthcare
636,CCS,Consumer Cyclical
637,CCU,Consumer Defensive
638,CCXI,Healthcare
639,CDAY,Technology
640,CDE,Basic Materials
641,CDEV,Energy
642,CDK,Technology
643,CDLX,Communication Services
644,CDMO,Healthcare
645,CDNA,Healthcare
646,CDNS,Technology
647,CDRE,Industrials
648,CDW,Technology
649,CDXS,Healthcare
650,CDZI,Utilities
651,CE,Basic Materials
652,CEA,Industrials
653,CECE,Industrials
654,CEI,Energy
655,CELH,Consumer Defensive
656,CEMI,Healthcare
657,CENT,Consumer Defensive
658,CENX,Basic Materials
659,CEPU,Utilities
660,CERE,Healthcare
661,CERN,Healthcare
662,CERT,Healthcare
663,CETX,Technology
664,CEVA,Technology
665,CF,Basic Materials
666,CFFI,Financial Services
667,CFFN,Financial Services
668,CFG,Financial Services
669,CFLT,Technology
670,CFMS,Healthcare
671,CFR,Financial Services
672,CFRX,Healthcare
673,CFX,Industrials
674,CG,Financial Services
675,CGBD,Financial Services
676,CGC,Healthcare
677,CGEN,Healthcare
678,CGNX,Technology
679,CHBAY,Financial Services
680,CHCO,Financial Services
681,CHCT,Real Estate
682,CHD,Consumer Defensive
683,CHDN,Consumer Cyclical
684,CHE,Healthcare
685,CHEF,Consumer Defensive
686,CHGG,Consumer Defensive
687,CHH,Consumer Cyclical
688,CHK,Energy
689,CHKP,Technology
690,CHNG,Healthcare
691,CHPT,Consumer Cyclical
692,CHRS,Healthcare
693,CHRW,Industrials
694,CHS,Consumer Cyclical
695,CHT,Communication Services
696,CHTR,Communication Services
697,CHUY,Consumer Cyclical
698,CHWY,Consumer Cyclical
699,CHX,Energy
700,CI,Healthcare
701,CIA,Financial Services
702,CIB,Financial Services
703,CICHY,Financial Services
704,CIEN,Technology
705,CIG,Utilities
706,CIGI,Real Estate
707,CIM,Real Estate
708,CINF,Financial Services
709,CIO,Real Estate
710,CIR,Industrials
711,CIT,Financial Services
712,CIVB,Financial Services
713,CIX,Industrials
714,CIXX,Financial Services
715,CL,Consumer Defensive
716,CLAR,Consumer Cyclical
717,CLB,Energy
718,CLBT,Technology
719,CLF,Basic Materials
720,CLFD,Technology
721,CLH,Industrials
722,CLI,Real Estate
723,CLLS,Healthcare
724,CLNE,Energy
725,CLOV,Healthcare
726,CLPR,Real Estate
727,CLR,Energy
728,CLS,Technology
729,CLSD,Healthcare
730,CLSK,Technology
731,CLSN,Healthcare
732,CLVT,Technology
733,CLX,Consumer Defensive
734,CLXT,Consumer Defensive
735,CM,Financial Services
736,CMA,Financial Services
737,CMC,Basic Materials
738,CMCM,Communication Services
739,CMCO,Industrials
740,CMCSA,Communication Services
741,CME,Financial Services
742,CMG,Consumer Cyclical
743,CMI,Industrials
744,CMP,Basic Materials
745,CMPGF,Consumer Cyclical
746,CMPR,Communication Services
747,CMRE,Industrials
748,CMS,Utilities
749,CMTG,Real Estate
750,CMTL,Technology
751,CNA,Financial Services
752,CNC,Healthcare
753,CNCE,Healthcare
754,CNDT,Technology
755,CNHI,Industrials
756,CNI,Industrials
757,CNK,Communication Services
758,CNMD,Healthcare
759,CNNE,Consumer Cyclical
760,CNO,Financial Services
761,CNOB,Financial Services
762,CNP,Utilities
763,CNQ,Energy
764,CNS,Financial Services
765,CNSL,Communication Services
766,CNTX,Healthcare
767,CNTY,Consumer Cyclical
768,CNX,Energy
769,CNXC,Technology
770,CNXN,Technology
771,CO,Healthcare
772,COCO,Consumer Defensive
773,COCP,Healthcare
774,CODGF,Industrials
775,CODX,Healthcare
776,COF,Financial Services
777,COHR,Technology
778,COHU,Technology
779,COIN,Technology
780,COKE,Consumer Defensive
781,COLB,Financial Services
782,COLD,Real Estate
783,COLL,Healthcare
784,COLM,Consumer Cyclical
785,COMM,Technology
786,CONE,Real Estate
787,CONN,Consumer Cyclical
788,COO,Healthcare
789,COOK,Consumer Cyclical
790,COOP,Financial Services
791,COP,Energy
792,COR,Real Estate
793,CORR,Real Estate
794,CORT,Healthcare
795,COST,Consumer Defensive
796,COTY,Consumer Defensive
797,COUP,Technology
798,COUR,Consumer Defensive
799,COWN,Financial Services
800,CP,Industrials
801,CPA,Industrials
802,CPB,Consumer Defensive
803,CPE,Energy
804,CPG,Energy
805,CPK,Utilities
806,CPLG,Real Estate
807,CPNG,Consumer Cyclical
808,CPRI,Consumer Cyclical
809,CPRT,Industrials
810,CPS,Consumer Cyclical
811,CPSI,Healthcare
812,CPT,Real Estate
813,CQP,Energy
814,CR,Industrials
815,CRAI,Industrials
816,CRARF,Financial Services
817,CRBP,Healthcare
818,CRC,Energy
819,CRCT,Technology
820,CRERF,Consumer Defensive
821,CRH,Basic Materials
822,CRI,Consumer Cyclical
823,CRIS,Healthcare
824,CRK,Energy
825,CRL,Healthcare
826,CRM,Technology
827,CRMD,Healthcare
828,CRNC,Technology
829,CRNT,Technology
830,CRON,Healthcare
831,CROX,Consumer Cyclical
832,CRS,Industrials
833,CRSP,Healthcare
834,CRSR,Technology
835,CRTO,Communication Services
836,CRTX,Healthcare
837,CRUS,Technology
838,CRVL,Financial Services
839,CRVS,Healthcare
840,CRWD,Technology
841,CRY,Healthcare
842,CS,Financial Services
843,CSAN,Energy
844,CSCO,Technology
845,CSGP,Real Estate
846,CSGS,Technology
847,CSII,Healthcare
848,CSIOY,Technology
849,CSIQ,Technology
850,CSL,Industrials
851,CSLT,Healthcare
852,CSPR,Consumer Cyclical
853,CSTE,Industrials
854,CSTM,Basic Materials
855,CSTR,Financial Services
856,CSUAY,Energy
857,CSV,Consumer Cyclical
858,CSVI,Technology
859,CSWI,Industrials
860,CSX,Industrials
861,CTAS,Industrials
862,CTBI,Financial Services
863,CTIC,Healthcare
864,CTLT,Healthcare
865,CTMX,Healthcare
866,CTOS,Industrials
867,CTRA,Energy
868,CTRE,Real Estate
869,CTS,Technology
870,CTSH,Technology
871,CTSO,Healthcare
872,CTT,Real Estate
873,CTVA,Basic Materials
874,CTXR,Healthcare
875,CTXS,Technology
876,CUBE,Real Estate
877,CUBI,Financial Services
878,CURLF,Healthcare
879,CURV,Consumer Cyclical
880,CUTR,Healthcare
881,CUZ,Real Estate
882,CVA,Industrials
883,CVBF,Financial Services
884,CVCO,Consumer Cyclical
885,CVCY,Financial Services
886,CVE,Energy
887,CVEO,Industrials
888,CVET,Healthcare
889,CVGW,Consumer Defensive
890,CVI,Energy
891,CVLT,Technology
892,CVLY,Financial Services
893,CVM,Healthcare
894,CVNA,Consumer Cyclical
895,CVS,Healthcare
896,CVX,Energy
897,CW,Industrials
898,CWCO,Utilities
899,CWEN,Utilities
900,CWH,Consumer Cyclical
901,CWK,Real Estate
902,CWST,Industrials
903,CWT,Utilities
904,CX,Basic Materials
905,CXM,Technology
906,CXP,Real Estate
907,CXW,Real Estate
908,CYBE,Technology
909,CYBR,Technology
910,CYCN,Healthcare
911,CYH,Healthcare
912,CYN,Technology
913,CYRX,Industrials
914,CYTK,Healthcare
915,CZNC,Financial Services
916,CZR,Consumer Cyclical
917,D,Utilities
918,DAKT,Technology
919,DAL,Industrials
920,DAN,Consumer Cyclical
921,DAR,Consumer Defensive
922,DARE,Healthcare
923,DASH,Communication Services
924,DASTF,Technology
925,DB,Financial Services
926,DBD,Technology
927,DBI,Consumer Cyclical
928,DBOEF,Financial Services
929,DBSDF,Financial Services
930,DBX,Technology
931,DCI,Industrials
932,DCO,Industrials
933,DCOM,Financial Services
934,DCP,Energy
935,DCPH,Healthcare
936,DCT,Technology
937,DD,Basic Materials
938,DDD,Technology
939,DDI,Communication Services
940,DDOG,Technology
941,DDS,Consumer Cyclical
942,DE,Industrials
943,DEA,Real Estate
944,DECK,Consumer Cyclical
945,DEI,Real Estate
946,DELL,Technology
947,DEN,Energy
948,DENN,Consumer Cyclical
949,DEO,Consumer Defensive
950,DERM,Healthcare
951,DESP,Consumer Cyclical
952,DFFN,Healthcare
953,DFIN,Financial Services
954,DFS,Financial Services
955,DG,Consumer Defensive
956,DGICA,Financial Services
957,DGII,Technology
958,DGLY,Industrials
959,DGX,Healthcare
960,DHI,Consumer Cyclical
961,DHR,Healthcare
962,DHT,Energy
963,DHX,Industrials
964,DIOD,Technology
965,DIS,Communication Services
966,DISCA,Communication Services
967,DISH,Communication Services
968,DJCO,Communication Services
969,DKILY,Industrials
970,DKNG,Consumer Cyclical
971,DKS,Consumer Cyclical
972,DLA,Consumer Cyclical
973,DLB,Technology
974,DLO,Technology
975,DLPN,Communication Services
976,DLR,Real Estate
977,DLTH,Consumer Cyclical
978,DLTR,Consumer Defensive
979,DLX,Communication Services
980,DM,Technology
981,DMRC,Technology
982,DNA,Healthcare
983,DNB,Technology
984,DNLI,Healthcare
985,DNOW,Energy
986,DNUT,Consumer Defensive
987,DNZOF,Consumer Cyclical
988,DOC,Real Estate
989,DOCN,Technology
990,DOCS,Healthcare
991,DOCU,Technology
992,DOGEF,Utilities
993,DOLE,Consumer Defensive
994,DOMA,Real Estate
995,DOMO,Technology
996,DOOO,Consumer Cyclical
997,DOOR,Industrials
998,DORM,Consumer Cyclical
999,DOV,Industrials
1000,DOW,Basic Materials
1001,DOX,Technology
1002,DPW,Industrials
1003,DPZ,Consumer Cyclical
1004,DRD,Basic Materials
1005,DRE,Real Estate
1006,DRH,Real Estate
1007,DRI,Consumer Cyclical
1008,DRNA,Healthcare
1009,DRQ,Energy
1010,DRTT,Industrials
1011,DRVN,Consumer Cyclical
1012,DS,Consumer Cyclical
1013,DSEY,Consumer Cyclical
1014,DSGX,Technology
1015,DSKE,Industrials
1016,DSKYF,Healthcare
1017,DSPG,Technology
1018,DSS,Industrials
1019,DT,Technology
1020,DTC,Consumer Cyclical
1021,DTE,Utilities
1022,DTEA,Consumer Defensive
1023,DTIL,Healthcare
1024,DUK,Utilities
1025,DUOL,Technology
1026,DV,Technology
1027,DVA,Healthcare
1028,DVAX,Healthcare
1029,DVD,Consumer Cyclical
1030,DVN,Energy
1031,DX,Real Estate
1032,DXC,Technology
1033,DXCM,Healthcare
1034,DXLG,Consumer Cyclical
1035,DXPE,Industrials
1036,DY,Industrials
1037,E,Energy
1038,EA,Communication Services
1039,EADSF,Industrials
1040,EAF,Industrials
1041,EAR,Healthcare
1042,EARN,Real Estate
1043,EAST,Consumer Defensive
1044,EAT,Consumer Cyclical
1045,EB,Technology
1046,EBAY,Consumer Cyclical
1047,EBC,Financial Services
1048,EBIX,Technology
1049,EBR,Utilities
1050,EBS,Healthcare
1051,EBTC,Financial Services
1052,EC,Energy
1053,ECC,Financial Services
1054,ECHO,Industrials
1055,ECIFF,Utilities
1056,ECL,Basic Materials
1057,ECOL,Industrials
1058,ECOM,Technology
1059,ECOR,Healthcare
1060,ED,Utilities
1061,EDIT,Healthcare
1062,EDR,Communication Services
1063,EDRVF,Utilities
1064,EDU,Consumer Defensive
1065,EEFT,Technology
1066,EEX,Communication Services
1067,EFC,Financial Services
1068,EFOI,Consumer Cyclical
1069,EFX,Industrials
1070,EGAN,Technology
1071,EGBN,Financial Services
1072,EGHT,Technology
1073,EGLE,Industrials
1074,EGO,Basic Materials
1075,EGP,Real Estate
1076,EGRX,Healthcare
1077,EGY,Energy
1078,EHC,Healthcare
1079,EHTH,Financial Services
1080,EIG,Financial Services
1081,EIX,Utilities
1082,EKSO,Healthcare
1083,EL,Consumer Defensive
1084,ELAN,Healthcare
1085,ELF,Consumer Defensive
1086,ELLO,Utilities
1087,ELP,Utilities
1088,ELS,Real Estate
1089,ELVT,Financial Services
1090,ELY,Consumer Cyclical
1091,EMAN,Technology
1092,EME,Industrials
1093,EMKR,Technology
1094,EMN,Basic Materials
1095,EMR,Industrials
1096,ENB,Energy
1097,ENBL,Energy
1098,ENDP,Healthcare
1099,ENFN,Technology
1100,ENIA,Utilities
1101,ENIC,Utilities
1102,ENLAY,Utilities
1103,ENLC,Energy
1104,ENPH,Technology
1105,ENR,Industrials
1106,ENS,Industrials
1107,ENSG,Healthcare
1108,ENTA,Healthcare
1109,ENTG,Technology
1110,ENV,Technology
1111,ENVA,Financial Services
1112,ENZ,Healthcare
1113,EOG,Energy
1114,EOLS,Healthcare
1115,EPAC,Industrials
1116,EPAM,Technology
1117,EPAY,Technology
1118,EPC,Consumer Defensive
1119,EPD,Energy
1120,EPR,Real Estate
1121,EPRT,Real Estate
1122,EPZM,Healthcare
1123,EQBK,Financial Services
1124,EQC,Real Estate
1125,EQH,Financial Services
1126,EQIX,Real Estate
1127,EQNR,Energy
1128,EQR,Real Estate
1129,EQT,Energy
1130,EQX,Basic Materials
1131,ERF,Energy
1132,ERIC,Technology
1133,ERIE,Financial Services
1134,ERII,Industrials
1135,ERJ,Industrials
1136,ES,Utilities
1137,ESCA,Consumer Cyclical
1138,ESE,Technology
1139,ESGR,Financial Services
1140,ESI,Basic Materials
1141,ESLOF,Healthcare
1142,ESLT,Industrials
1143,ESMT,Technology
1144,ESNT,Financial Services
1145,ESPR,Healthcare
1146,ESRT,Real Estate
1147,ESS,Real Estate
1148,ESSA,Financial Services
1149,ESTA,Healthcare
1150,ESTC,Technology
1151,ESTE,Energy
1152,ET,Energy
1153,ETN,Industrials
1154,ETR,Utilities
1155,ETRN,Energy
1156,ETSY,Consumer Cyclical
1157,ETWO,Technology
1158,EURN,Energy
1159,EUXTF,Financial Services
1160,EVA,Basic Materials
1161,EVBG,Technology
1162,EVBN,Financial Services
1163,EVC,Communication Services
1164,EVCM,Technology
1165,EVER,Communication Services
1166,EVFM,Healthcare
1167,EVH,Healthcare
1168,EVKIF,Basic Materials
1169,EVO,Healthcare
1170,EVOK,Healthcare
1171,EVOP,Technology
1172,EVR,Financial Services
1173,EVRG,Utilities
1174,EVRI,Consumer Cyclical
1175,EVTC,Technology
1176,EW,Healthcare
1177,EWBC,Financial Services
1178,EXAS,Healthcare
1179,EXC,Utilities
1180,EXEL,Healthcare
1181,EXFY,Technology
1182,EXK,Basic Materials
1183,EXLS,Technology
1184,EXP,Basic Materials
1185,EXPD,Industrials
1186,EXPE,Consumer Cyclical
1187,EXPGF,Industrials
1188,EXPI,Real Estate
1189,EXPO,Industrials
1190,EXPR,Consumer Cyclical
1191,EXR,Real Estate
1192,EXTN,Energy
1193,EXTR,Technology
1194,EYE,Consumer Cyclical
1195,EYPT,Healthcare
1196,EZPW,Financial Services
1197,F,Consumer Cyclical
1198,FAF,Financial Services
1199,FAMI,Consumer Defensive
1200,FANG,Energy
1201,FANUF,Industrials
1202,FARM,Consumer Defensive
1203,FARO,Technology
1204,FAST,Industrials
1205,FATE,Healthcare
1206,FB,Communication Services
1207,FBC,Financial Services
1208,FBHS,Consumer Cyclical
1209,FBIO,Healthcare
1210,FBIZ,Financial Services
1211,FBK,Financial Services
1212,FBMS,Financial Services
1213,FBNC,Financial Services
1214,FCEL,Industrials
1215,FCF,Financial Services
1216,FCFS,Financial Services
1217,FCN,Industrials
1218,FCNCA,Financial Services
1219,FCPT,Real Estate
1220,FCUV,Technology
1221,FCX,Basic Materials
1222,FDP,Consumer Defensive
1223,FDS,Financial Services
1224,FDX,Industrials
1225,FE,Utilities
1226,FELE,Industrials
1227,FERG,Industrials
1228,FET,Energy
1229,FFBC,Financial Services
1230,FFIC,Financial Services
1231,FFIN,Financial Services
1232,FFIV,Technology
1233,FFWM,Financial Services
1234,FGBI,Financial Services
1235,FGEN,Healthcare
1236,FHB,Financial Services
1237,FHI,Financial Services
1238,FHN,Financial Services
1239,FIBK,Financial Services
1240,FICO,Technology
1241,FIGS,Consumer Cyclical
1242,FINN,Financial Services
1243,FINW,Financial Services
1244,FIS,Technology
1245,FISI,Financial Services
1246,FISV,Technology
1247,FITBI,Financial Services
1248,FIVE,Consumer Cyclical
1249,FIVN,Technology
1250,FIX,Industrials
1251,FIZZ,Consumer Defensive
1252,FJTSY,Technology
1253,FL,Consumer Cyclical
1254,FLEX,Technology
1255,FLGT,Healthcare
1256,FLL,Consumer Cyclical
1257,FLMN,Energy
1258,FLNC,Utilities
1259,FLNG,Energy
1260,FLNT,Communication Services
1261,FLO,Consumer Defensive
1262,FLOW,Industrials
1263,FLR,Industrials
1264,FLS,Industrials
1265,FLT,Technology
1266,FLWS,Consumer Cyclical
1267,FLXN,Healthcare
1268,FLXS,Consumer Cyclical
1269,FLYW,Technology
1270,FMAO,Financial Services
1271,FMBH,Financial Services
1272,FMBI,Financial Services
1273,FMC,Basic Materials
1274,FMCCT,Financial Services
1275,FMS,Healthcare
1276,FMX,Consumer Defensive
1277,FN,Technology
1278,FNB,Financial Services
1279,FND,Consumer Cyclical
1280,FNF,Financial Services
1281,FNGR,Communication Services
1282,FNHC,Financial Services
1283,FNKO,Consumer Cyclical
1284,FNLC,Financial Services
1285,FNLPF,Basic Materials
1286,FNMAL,Financial Services
1287,FNV,Basic Materials
1288,FNWB,Financial Services
1289,FOCS,Financial Services
1290,FOE,Basic Materials
1291,FOLD,Healthcare
1292,FONR,Healthcare
1293,FOR,Real Estate
1294,FORG,Technology
1295,FORM,Technology
1296,FORR,Industrials
1297,FORTY,Technology
1298,FOUR,Technology
1299,FOX,Communication Services
1300,FOXF,Consumer Cyclical
1301,FPI,Real Estate
1302,FR,Real Estate
1303,FRBK,Financial Services
1304,FRC,Financial Services
1305,FRCOF,Consumer Cyclical
1306,FREE,Consumer Defensive
1307,FREQ,Healthcare
1308,FREY,Industrials
1309,FRG,Consumer Cyclical
1310,FRGI,Consumer Cyclical
1311,FRHC,Financial Services
1312,FRME,Financial Services
1313,FRO,Energy
1314,FROG,Technology
1315,FRPH,Real Estate
1316,FRPT,Consumer Defensive
1317,FRRVF,Industrials
1318,FRSH,Technology
1319,FRSX,Consumer Cyclical
1320,FRT,Real Estate
1321,FRTA,Industrials
1322,FSK,Financial Services
1323,FSLR,Technology
1324,FSLY,Technology
1325,FSM,Basic Materials
1326,FSP,Real Estate
1327,FSR,Consumer Cyclical
1328,FSS,Industrials
1329,FSTR,Industrials
1330,FSV,Real Estate
1331,FTAI,Industrials
1332,FTCH,Consumer Cyclical
1333,FTDR,Consumer Cyclical
1334,FTI,Energy
1335,FTK,Energy
1336,FTNT,Technology
1337,FTS,Utilities
1338,FTSI,Energy
1339,FTV,Technology
1340,FUBO,Communication Services
1341,FUL,Basic Materials
1342,FULT,Financial Services
1343,FUN,Consumer Cyclical
1344,FUV,Consumer Cyclical
1345,FVRR,Communication Services
1346,FWONK,Communication Services
1347,FWRD,Industrials
1348,FYBR,Communication Services
1349,G,Technology
1350,GAIA,Communication Services
1351,GAIN,Financial Services
1352,GALT,Healthcare
1353,GAN,Consumer Cyclical
1354,GATX,Industrials
1355,GBCI,Financial Services
1356,GBIO,Healthcare
1357,GBL,Financial Services
1358,GBT,Healthcare
1359,GBX,Industrials
1360,GCBC,Financial Services
1361,GCI,Communication Services
1362,GCO,Consumer Cyclical
1363,GCP,Basic Materials
1364,GCTAF,Industrials
1365,GD,Industrials
1366,GDDY,Technology
1367,GDEN,Consumer Cyclical
1368,GDOT,Financial Services
1369,GDRX,Healthcare
1370,GE,Industrials
1371,GECC,Financial Services
1372,GEF,Consumer Cyclical
1373,GEL,Energy
1374,GENC,Industrials
1375,GENE,Healthcare
1376,GENI,Communication Services
1377,GEO,Real Estate
1378,GEOS,Energy
1379,GERN,Healthcare
1380,GES,Consumer Cyclical
1381,GEVO,Basic Materials
1382,GFF,Industrials
1383,GFI,Basic Materials
1384,GFL,Industrials
1385,GFS,Technology
1386,GGAL,Financial Services
1387,GGB,Basic Materials
1388,GGG,Industrials
1389,GH,Healthcare
1390,GHC,Consumer Defensive
1391,GHG,Consumer Cyclical
1392,GHL,Financial Services
1393,GHM,Industrials
1394,GIB,Technology
1395,GIFI,Industrials
1396,GIII,Consumer Cyclical
1397,GIL,Consumer Cyclical
1398,GILD,Healthcare
1399,GILT,Technology
1400,GIS,Consumer Defensive
1401,GKOS,Healthcare
1402,GL,Financial Services
1403,GLAD,Financial Services
1404,GLBE,Consumer Cyclical
1405,GLCNF,Basic Materials
1406,GLMD,Healthcare
1407,GLNG,Energy
1408,GLOB,Technology
1409,GLOP,Energy
1410,GLPG,Healthcare
1411,GLPI,Real Estate
1412,GLRE,Financial Services
1413,GLT,Basic Materials
1414,GLW,Technology
1415,GLYC,Healthcare
1416,GM,Consumer Cyclical
1417,GMBL,Consumer Cyclical
1418,GMBXF,Basic Materials
1419,GME,Consumer Cyclical
1420,GMED,Healthcare
1421,GMRE,Real Estate
1422,GMS,Industrials
1423,GNCA,Healthcare
1424,GNE,Utilities
1425,GNK,Industrials
1426,GNL,Real Estate
1427,GNLN,Healthcare
1428,GNPX,Healthcare
1429,GNRC,Industrials
1430,GNTX,Consumer Cyclical
1431,GNTY,Financial Services
1432,GNUS,Communication Services
1433,GNW,Financial Services
1434,GO,Consumer Defensive
1435,GOCO,Financial Services
1436,GOEV,Consumer Cyclical
1437,GOGL,Industrials
1438,GOGO,Communication Services
1439,GOL,Industrials
1440,GOLD,Basic Materials
1441,GOLF,Consumer Cyclical
1442,GOOG,Communication Services
1443,GOOS,Consumer Cyclical
1444,GOSS,Healthcare
1445,GPC,Consumer Cyclical
1446,GPI,Consumer Cyclical
1447,GPK,Consumer Cyclical
1448,GPL,Basic Materials
1449,GPMT,Real Estate
1450,GPN,Industrials
1451,GPP,Energy
1452,GPRE,Basic Materials
1453,GPRK,Energy
1454,GPRO,Technology
1455,GPS,Consumer Cyclical
1456,GRBK,Consumer Cyclical
1457,GRC,Industrials
1458,GRFS,Healthcare
1459,GRMN,Technology
1460,GROM,Communication Services
1461,GRPN,Communication Services
1462,GRUB,Consumer Cyclical
1463,GRWG,Consumer Cyclical
1464,GS,Financial Services
1465,GSAT,Communication Services
1466,GSHD,Financial Services
1467,GSK,Healthcare
1468,GSKY,Technology
1469,GSM,Basic Materials
1470,GSS,Basic Materials
1471,GT,Consumer Cyclical
1472,GTE,Energy
1473,GTES,Industrials
1474,GTHX,Healthcare
1475,GTLB,Technology
1476,GTLS,Industrials
1477,GTN,Communication Services
1478,GTS,Healthcare
1479,GTX,Consumer Cyclical
1480,GTY,Real Estate
1481,GVA,Industrials
1482,GWB,Financial Services
1483,GWRE,Technology
1484,GWW,Industrials
1485,GXO,Industrials
1486,H,Consumer Cyclical
1487,HA,Industrials
1488,HAE,Healthcare
1489,HAFC,Financial Services
1490,HAIN,Consumer Defensive
1491,HAL,Energy
1492,HALL,Financial Services
1493,HALO,Healthcare
1494,HARP,Healthcare
1495,HAS,Consumer Cyclical
1496,HASI,Real Estate
1497,HAYN,Industrials
1498,HAYW,Industrials
1499,HBAN,Financial Services
1500,HBCP,Financial Services
1501,HBI,Consumer Cyclical
1502,HBM,Basic Materials
1503,HBMD,Financial Services
1504,HBNC,Financial Services
1505,HBP,Industrials
1506,HCA,Healthcare
1507,HCAT,Healthcare
1508,HCC,Basic Materials
1509,HCCI,Industrials
1510,HCI,Financial Services
1511,HCKT,Technology
1512,HCM,Healthcare
1513,HCSG,Healthcare
1514,HCTPF,Industrials
1515,HD,Consumer Cyclical
1516,HDB,Financial Services
1517,HE,Utilities
1518,HEAR,Technology
1519,HEES,Industrials
1520,HEI,Industrials
1521,HELE,Consumer Defensive
1522,HELKF,Consumer Defensive
1523,HEP,Energy
1524,HEPA,Healthcare
1525,HES,Energy
1526,HESAF,Consumer Cyclical
1527,HFC,Energy
1528,HFFG,Consumer Defensive
1529,HFWA,Financial Services
1530,HGEN,Healthcare
1531,HGV,Consumer Cyclical
1532,HHC,Real Estate
1533,HI,Industrials
1534,HIBB,Consumer Cyclical
1535,HIFS,Financial Services
1536,HIG,Financial Services
1537,HII,Industrials
1538,HIL,Industrials
1539,HIMX,Technology
1540,HIPO,Financial Services
1541,HIW,Real Estate
1542,HKXCF,Financial Services
1543,HL,Basic Materials
1544,HLF,Consumer Defensive
1545,HLG,Consumer Defensive
1546,HLI,Financial Services
1547,HLIO,Industrials
1548,HLIT,Technology
1549,HLNE,Financial Services
1550,HLT,Consumer Cyclical
1551,HLX,Energy
1552,HMC,Consumer Cyclical
1553,HMHC,Consumer Defensive
1554,HMN,Financial Services
1555,HMRZF,Consumer Cyclical
1556,HMST,Financial Services
1557,HMTV,Communication Services
1558,HMY,Basic Materials
1559,HNI,Industrials
1560,HNP,Utilities
1561,HNRG,Energy
1562,HOFT,Consumer Cyclical
1563,HOG,Consumer Cyclical
1564,HOLX,Healthcare
1565,HOMB,Financial Services
1566,HON,Industrials
1567,HONE,Financial Services
1568,HOOD,Technology
1569,HOPE,Financial Services
1570,HOV,Consumer Cyclical
1571,HP,Energy
1572,HPE,Technology
1573,HPP,Real Estate
1574,HPQ,Technology
1575,HQY,Healthcare
1576,HR,Real Estate
1577,HRB,Consumer Cyclical
1578,HRC,Healthcare
1579,HRI,Industrials
1580,HRL,Consumer Defensive
1581,HRMY,Healthcare
1582,HRT,Industrials
1583,HRTG,Financial Services
1584,HRTH,Communication Services
1585,HSBC,Financial Services
1586,HSC,Industrials
1587,HSDT,Healthcare
1588,HSIC,Healthcare
1589,HSII,Industrials
1590,HSKA,Healthcare
1591,HST,Real Estate
1592,HSTM,Healthcare
1593,HSY,Consumer Defensive
1594,HT,Real Estate
1595,HTA,Real Estate
1596,HTBI,Financial Services
1597,HTBK,Financial Services
1598,HTGC,Financial Services
1599,HTGM,Healthcare
1600,HTH,Financial Services
1601,HTHIF,Industrials
1602,HTHT,Consumer Cyclical
1603,HTLD,Industrials
1604,HTLF,Financial Services
1605,HTZ,Industrials
1606,HUBB,Industrials
1607,HUBG,Industrials
1608,HUBS,Technology
1609,HUM,Healthcare
1610,HUN,Basic Materials
1611,HURC,Industrials
1612,HURN,Industrials
1613,HVT,Consumer Cyclical
1614,HWC,Financial Services
1615,HWM,Industrials
1616,HX,Consumer Cyclical
1617,HXGBF,Technology
1618,HXL,Industrials
1619,HY,Industrials
1620,HYLN,Consumer Cyclical
1621,HYMTF,Consumer Cyclical
1622,HYRE,Industrials
1623,HZN,Consumer Cyclical
1624,HZNP,Healthcare
1625,HZO,Consumer Cyclical
1626,IAA,Industrials
1627,IAC,Communication Services
1628,IAG,Basic Materials
1629,IART,Healthcare
1630,IBA,Consumer Defensive
1631,IBDSF,Utilities
1632,IBIO,Healthcare
1633,IBKR,Financial Services
1634,IBM,Technology
1635,IBN,Financial Services
1636,IBOC,Financial Services
1637,IBP,Industrials
1638,IBTX,Financial Services
1639,ICBK,Financial Services
1640,ICE,Financial Services
1641,ICFI,Industrials
1642,ICL,Basic Materials
1643,ICLR,Healthcare
1644,ICPT,Healthcare
1645,ICUI,Healthcare
1646,IDA,Utilities
1647,IDCC,Communication Services
1648,IDEX,Industrials
1649,IDEXY,Consumer Cyclical
1650,IDN,Technology
1651,IDT,Communication Services
1652,IDXX,Healthcare
1653,IEP,Industrials
1654,IESC,Industrials
1655,IEX,Industrials
1656,IFF,Basic Materials
1657,IFMK,Consumer Defensive
1658,IFRX,Healthcare
1659,IGC,Industrials
1660,IGT,Consumer Cyclical
1661,IHC,Financial Services
1662,IHG,Consumer Cyclical
1663,IHRT,Communication Services
1664,III,Technology
1665,IIIN,Industrials
1666,IIPR,Real Estate
1667,IIVI,Technology
1668,ILMN,Healthcare
1669,IMAX,Communication Services
1670,IMGN,Healthcare
1671,IMH,Financial Services
1672,IMKTA,Consumer Defensive
1673,IMMP,Healthcare
1674,IMMR,Technology
1675,IMO,Energy
1676,IMTE,Technology
1677,IMUX,Healthcare
1678,IMV,Healthcare
1679,IMVT,Healthcare
1680,IMXI,Technology
1681,INBK,Financial Services
1682,INBX,Healthcare
1683,INCY,Healthcare
1684,INDB,Financial Services
1685,INFA,Technology
1686,INFN,Technology
1687,INFO,Industrials
1688,INFY,Technology
1689,ING,Financial Services
1690,INGN,Healthcare
1691,INGR,Consumer Defensive
1692,INMD,Healthcare
1693,INN,Real Estate
1694,INO,Healthcare
1695,INOV,Healthcare
1696,INPX,Technology
1697,INSG,Technology
1698,INSM,Healthcare
1699,INSP,Healthcare
1700,INST,Technology
1701,INSW,Industrials
1702,INT,Energy
1703,INTC,Technology
1704,INTU,Technology
1705,INUV,Communication Services
1706,INVH,Real Estate
1707,INVZ,Consumer Cyclical
1708,IO,Energy
1709,IOBT,Healthcare
1710,IONQ,Technology
1711,IONS,Healthcare
1712,IOSP,Basic Materials
1713,IOVA,Healthcare
1714,IP,Consumer Cyclical
1715,IPAR,Consumer Defensive
1716,IPG,Communication Services
1717,IPGP,Technology
1718,IPI,Basic Materials
1719,IQV,Healthcare
1720,IR,Industrials
1721,IRBT,Consumer Cyclical
1722,IRCP,Real Estate
1723,IRDM,Communication Services
1724,IRM,Real Estate
1725,IRNT,Technology
1726,IRT,Real Estate
1727,IRTC,Healthcare
1728,IRWD,Healthcare
1729,IS,Technology
1730,ISBC,Financial Services
1731,ISDAY,Financial Services
1732,ISNPY,Financial Services
1733,ISR,Healthcare
1734,ISRG,Healthcare
1735,ISTR,Financial Services
1736,IT,Technology
1737,ITCB,Financial Services
1738,ITGR,Healthcare
1739,ITI,Technology
1740,ITIC,Financial Services
1741,ITMR,Healthcare
1742,ITOCF,Industrials
1743,ITOS,Healthcare
1744,ITRI,Technology
1745,ITRM,Healthcare
1746,ITRN,Technology
1747,ITT,Industrials
1748,ITUB,Financial Services
1749,ITW,Industrials
1750,IVAC,Industrials
1751,IVZ,Financial Services
1752,IX,Financial Services
1753,IZEA,Communication Services
1754,J,Industrials
1755,JACK,Consumer Cyclical
1756,JAKK,Consumer Cyclical
1757,JAMF,Technology
1758,JAN,Industrials
1759,JAPAF,Consumer Defensive
1760,JARLF,Industrials
1761,JAZZ,Healthcare
1762,JBGS,Real Estate
1763,JBHT,Industrials
1764,JBL,Technology
1765,JBLU,Industrials
1766,JBT,Industrials
1767,JCI,Industrials
1768,JD,Consumer Cyclical
1769,JE,Utilities
1770,JEF,Financial Services
1771,JELD,Industrials
1772,JHG,Financial Services
1773,JHX,Basic Materials
1774,JILL,Consumer Cyclical
1775,JJSF,Consumer Defensive
1776,JKHY,Technology
1777,JKS,Technology
1778,JLL,Real Estate
1779,JNCE,Healthcare
1780,JNJ,Healthcare
1781,JNPR,Technology
1782,JOBY,Industrials
1783,JOE,Real Estate
1784,JOUT,Consumer Cyclical
1785,JPM,Financial Services
1786,JW-A,Communication Services
1787,JWN,Consumer Cyclical
1788,JYNT,Healthcare
1789,K,Consumer Defensive
1790,KAI,Industrials
1791,KALA,Healthcare
1792,KALU,Basic Materials
1793,KAMN,Industrials
1794,KAR,Consumer Cyclical
1795,KB,Financial Services
1796,KBAL,Consumer Cyclical
1797,KBCSF,Financial Services
1798,KBH,Consumer Cyclical
1799,KBR,Industrials
1800,KDDIF,Communication Services
1801,KDP,Consumer Defensive
1802,KDSKF,Basic Materials
1803,KELYA,Industrials
1804,KEN,Utilities
1805,KEP,Utilities
1806,KERN,Healthcare
1807,KEX,Industrials
1808,KEY,Financial Services
1809,KEYS,Technology
1810,KFRC,Industrials
1811,KFY,Industrials
1812,KGC,Basic Materials
1813,KHC,Consumer Defensive
1814,KIDS,Healthcare
1815,KIM,Real Estate
1816,KINS,Financial Services
1817,KIRK,Consumer Cyclical
1818,KKR,Financial Services
1819,KL,Basic Materials
1820,KLAC,Technology
1821,KLIC,Technology
1822,KLXE,Energy
1823,KMB,Consumer Defensive
1824,KMDA,Healthcare
1825,KMI,Energy
1826,KMPR,Financial Services
1827,KMT,Industrials
1828,KMX,Consumer Cyclical
1829,KN,Technology
1830,KNBE,Technology
1831,KNSA,Healthcare
1832,KNSL,Financial Services
1833,KNX,Industrials
1834,KO,Consumer Defensive
1835,KOD,Healthcare
1836,KODK,Industrials
1837,KOF,Consumer Defensive
1838,KOP,Basic Materials
1839,KOPN,Technology
1840,KORE,Financial Services
1841,KOS,Energy
1842,KPTI,Healthcare
1843,KR,Consumer Defensive
1844,KRA,Basic Materials
1845,KRC,Real Estate
1846,KREF,Real Estate
1847,KRG,Real Estate
1848,KRNT,Industrials
1849,KRNY,Financial Services
1850,KRO,Basic Materials
1851,KRTX,Healthcare
1852,KSS,Consumer Cyclical
1853,KSU,Industrials
1854,KT,Communication Services
1855,KTB,Consumer Cyclical
1856,KTOS,Industrials
1857,KULR,Technology
1858,KURA,Healthcare
1859,KVHI,Technology
1860,KW,Real Estate
1861,KWIPF,Real Estate
1862,KWR,Basic Materials
1863,KYCCF,Technology
1864,KYMR,Healthcare
1865,KYN,Financial Services
1866,L,Financial Services
1867,LAC,Basic Materials
1868,LAD,Consumer Cyclical
1869,LADR,Real Estate
1870,LAKE,Consumer Cyclical
1871,LAMR,Real Estate
1872,LANC,Consumer Defensive
1873,LASR,Technology
1874,LAUR,Consumer Defensive
1875,LAW,Technology
1876,LAZ,Financial Services
1877,LAZR,Technology
1878,LBAI,Financial Services
1879,LBRDA,Communication Services
1880,LBRT,Energy
1881,LBSI,Financial Services
1882,LC,Financial Services
1883,LCI,Healthcare
1884,LCID,Consumer Cyclical
1885,LCII,Consumer Cyclical
1886,LCNB,Financial Services
1887,LCTX,Healthcare
1888,LCUT,Consumer Cyclical
1889,LDI,Financial Services
1890,LDOS,Technology
1891,LE,Consumer Cyclical
1892,LEA,Consumer Cyclical
1893,LECO,Industrials
1894,LEE,Communication Services
1895,LEG,Consumer Cyclical
1896,LEGN,Healthcare
1897,LEN,Consumer Cyclical
1898,LESL,Consumer Cyclical
1899,LEU,Energy
1900,LEVI,Consumer Cyclical
1901,LFC,Financial Services
1902,LFG,Utilities
1903,LFUS,Technology
1904,LGIH,Consumer Cyclical
1905,LGND,Healthcare
1906,LGVN,Healthcare
1907,LH,Healthcare
1908,LHCG,Healthcare
1909,LHX,Industrials
1910,LI,Consumer Cyclical
1911,LIAN,Healthcare
1912,LICY,Industrials
1913,LIDR,Consumer Cyclical
1914,LIFE,Healthcare
1915,LII,Industrials
1916,LILA,Communication Services
1917,LIN,Basic Materials
1918,LITE,Technology
1919,LIVN,Healthcare
1920,LKFN,Financial Services
1921,LKQ,Consumer Cyclical
1922,LL,Consumer Cyclical
1923,LLY,Healthcare
1924,LMAT,Healthcare
1925,LMND,Financial Services
1926,LMNR,Consumer Defensive
1927,LMPX,Consumer Cyclical
1928,LMT,Industrials
1929,LNC,Financial Services
1930,LND,Consumer Defensive
1931,LNDC,Consumer Defensive
1932,LNG,Energy
1933,LNN,Industrials
1934,LNT,Utilities
1935,LOAN,Real Estate
1936,LOB,Financial Services
1937,LOCO,Consumer Cyclical
1938,LODE,Real Estate
1939,LOGI,Technology
1940,LOMA,Basic Materials
1941,LOOP,Basic Materials
1942,LOPE,Consumer Defensive
1943,LOVE,Consumer Cyclical
1944,LOW,Consumer Cyclical
1945,LPCN,Healthcare
1946,LPG,Energy
1947,LPI,Energy
1948,LPL,Technology
1949,LPLA,Financial Services
1950,LPRO,Financial Services
1951,LPSN,Technology
1952,LPTH,Technology
1953,LPTX,Healthcare
1954,LPX,Industrials
1955,LQDT,Consumer Cyclical
1956,LRCX,Technology
1957,LRN,Consumer Defensive
1958,LSCC,Technology
1959,LSI,Real Estate
1960,LSPD,Technology
1961,LSTR,Industrials
1962,LSXMB,Communication Services
1963,LTC,Real Estate
1964,LTHM,Basic Materials
1965,LTMAQ,Industrials
1966,LTRPA,Communication Services
1967,LTRX,Technology
1968,LUB,Consumer Cyclical
1969,LUKOY,Energy
1970,LULU,Consumer Cyclical
1971,LUMN,Communication Services
1972,LUMO,Healthcare
1973,LUNA,Technology
1974,LUNG,Healthcare
1975,LUV,Industrials
1976,LVLU,Consumer Cyclical
1977,LVMUY,Consumer Cyclical
1978,LVS,Consumer Cyclical
1979,LW,Consumer Defensive
1980,LWAY,Consumer Defensive
1981,LXP,Real Estate
1982,LXRX,Healthcare
1983,LXU,Basic Materials
1984,LYB,Basic Materials
1985,LYEL,Healthcare
1986,LYFT,Technology
1987,LYG,Financial Services
1988,LYTS,Technology
1989,LYV,Communication Services
1990,LZB,Consumer Cyclical
1991,M,Consumer Cyclical
1992,MA,Financial Services
1993,MAA,Real Estate
1994,MAC,Real Estate
1995,MACK,Healthcare
1996,MAG,Basic Materials
1997,MAIN,Financial Services
1998,MAKSF,Consumer Cyclical
1999,MAN,Industrials
2000,MANH,Technology
2001,MANT,Technology
2002,MANU,Communication Services
2003,MAPS,Technology
2004,MAR,Consumer Cyclical
2005,MARA,Financial Services
2006,MARK,Communication Services
2007,MAS,Industrials
2008,MASI,Healthcare
2009,MAT,Consumer Cyclical
2010,MATW,Industrials
2011,MATX,Industrials
2012,MAXR,Technology
2013,MBCN,Financial Services
2014,MBI,Financial Services
2015,MBII,Basic Materials
2016,MBOT,Healthcare
2017,MBT,Communication Services
2018,MBUU,Consumer Cyclical
2019,MC,Financial Services
2020,MCBC,Financial Services
2021,MCD,Consumer Cyclical
2022,MCF,Energy
2023,MCFE,Technology
2024,MCFT,Consumer Cyclical
2025,MCG,Consumer Cyclical
2026,MCHP,Technology
2027,MCK,Healthcare
2028,MCO,Financial Services
2029,MCRI,Consumer Cyclical
2030,MCS,Communication Services
2031,MCY,Financial Services
2032,MD,Healthcare
2033,MDB,Technology
2034,MDC,Consumer Cyclical
2035,MDGL,Healthcare
2036,MDLZ,Consumer Defensive
2037,MDP,Communication Services
2038,MDRX,Healthcare
2039,MDT,Healthcare
2040,MDU,Industrials
2041,MDXH,Healthcare
2042,ME,Healthcare
2043,MED,Consumer Cyclical
2044,MEDP,Healthcare
2045,MEG,Industrials
2046,MEGGF,Industrials
2047,MEI,Technology
2048,MELI,Consumer Cyclical
2049,MEOH,Basic Materials
2050,MESA,Industrials
2051,MESO,Healthcare
2052,MET,Financial Services
2053,METC,Basic Materials
2054,MFA,Real Estate
2055,MFC,Financial Services
2056,MFG,Financial Services
2057,MFGP,Technology
2058,MG,Industrials
2059,MGA,Consumer Cyclical
2060,MGEE,Utilities
2061,MGI,Financial Services
2062,MGIC,Technology
2063,MGLN,Healthcare
2064,MGM,Consumer Cyclical
2065,MGP,Real Estate
2066,MGRC,Industrials
2067,MGY,Energy
2068,MHK,Consumer Cyclical
2069,MHLD,Financial Services
2070,MHO,Consumer Cyclical
2071,MIC,Industrials
2072,MICT,Technology
2073,MIDD,Industrials
2074,MIELF,Industrials
2075,MILE,Financial Services
2076,MIME,Technology
2077,MIST,Healthcare
2078,MITK,Technology
2079,MITO,Healthcare
2080,MITT,Real Estate
2081,MKC,Consumer Defensive
2082,MKFG,Technology
2083,MKL,Financial Services
2084,MKSI,Technology
2085,MKTX,Financial Services
2086,MLAB,Technology
2087,MLCO,Consumer Cyclical
2088,MLI,Industrials
2089,MLM,Basic Materials
2090,MLR,Consumer Cyclical
2091,MLVF,Financial Services
2092,MLYBY,Financial Services
2093,MMAT,Technology
2094,MMC,Financial Services
2095,MMLP,Energy
2096,MMM,Industrials
2097,MMP,Energy
2098,MMS,Industrials
2099,MMSI,Healthcare
2100,MMX,Basic Materials
2101,MMYT,Consumer Cyclical
2102,MNDY,Technology
2103,MNHVF,Consumer Defensive
2104,MNKD,Healthcare
2105,MNMD,Healthcare
2106,MNOV,Healthcare
2107,MNR,Real Estate
2108,MNRL,Energy
2109,MNRO,Consumer Cyclical
2110,MNST,Consumer Defensive
2111,MNTV,Technology
2112,MO,Consumer Defensive
2113,MOD,Consumer Cyclical
2114,MODN,Technology
2115,MODV,Healthcare
2116,MOFG,Financial Services
2117,MOGO,Technology
2118,MOH,Healthcare
2119,MOMO,Communication Services
2120,MOR,Healthcare
2121,MORF,Healthcare
2122,MORN,Financial Services
2123,MOS,Basic Materials
2124,MOV,Consumer Cyclical
2125,MP,Basic Materials
2126,MPAA,Consumer Cyclical
2127,MPC,Energy
2128,MPLX,Energy
2129,MPW,Real Estate
2130,MPWR,Technology
2131,MPX,Consumer Cyclical
2132,MQ,Technology
2133,MRAAF,Technology
2134,MRAI,Healthcare
2135,MRC,Energy
2136,MRCY,Industrials
2137,MRIN,Technology
2138,MRK,Healthcare
2139,MRLN,Financial Services
2140,MRNA,Healthcare
2141,MRNS,Healthcare
2142,MRO,Energy
2143,MRSN,Healthcare
2144,MRTN,Industrials
2145,MRTX,Healthcare
2146,MRVI,Healthcare
2147,MRVL,Technology
2148,MS,Financial Services
2149,MSA,Industrials
2150,MSCI,Financial Services
2151,MSEX,Utilities
2152,MSFT,Technology
2153,MSGE,Communication Services
2154,MSGS,Communication Services
2155,MSI,Technology
2156,MSM,Industrials
2157,MSP,Technology
2158,MSTR,Technology
2159,MT,Basic Materials
2160,MTB,Financial Services
2161,MTCH,Communication Services
2162,MTD,Healthcare
2163,MTDR,Energy
2164,MTG,Financial Services
2165,MTH,Consumer Cyclical
2166,MTN,Consumer Cyclical
2167,MTNB,Healthcare
2168,MTOR,Consumer Cyclical
2169,MTRN,Basic Materials
2170,MTRX,Industrials
2171,MTSI,Technology
2172,MTTR,Technology
2173,MTW,Industrials
2174,MTX,Basic Materials
2175,MTZ,Industrials
2176,MU,Technology
2177,MUFG,Financial Services
2178,MUR,Energy
2179,MUSA,Consumer Cyclical
2180,MVIS,Technology
2181,MVST,Industrials
2182,MWA,Industrials
2183,MXL,Technology
2184,MYE,Consumer Cyclical
2185,MYGN,Healthcare
2186,MYOV,Healthcare
2187,MYRG,Industrials
2188,NABL,Technology
2189,NAK,Basic Materials
2190,NAKD,Consumer Cyclical
2191,NARI,Healthcare
2192,NAT,Industrials
2193,NATI,Technology
2194,NATR,Consumer Defensive
2195,NAUT,Healthcare
2196,NAVI,Financial Services
2197,NBEV,Consumer Defensive
2198,NBHC,Financial Services
2199,NBIX,Healthcare
2200,NBN,Financial Services
2201,NBR,Energy
2202,NBRV,Healthcare
2203,NBTB,Financial Services
2204,NC,Energy
2205,NCBS,Financial Services
2206,NCLH,Consumer Cyclical
2207,NCNA,Healthcare
2208,NCNO,Technology
2209,NCR,Technology
2210,NCSM,Energy
2211,NDAQ,Financial Services
2212,NDRBF,Industrials
2213,NDSN,Industrials
2214,NE,Energy
2215,NEE,Utilities
2216,NEGG,Consumer Cyclical
2217,NEM,Basic Materials
2218,NEO,Healthcare
2219,NEOG,Healthcare
2220,NEP,Utilities
2221,NEPT,Healthcare
2222,NERV,Healthcare
2223,NESR,Energy
2224,NET,Technology
2225,NEU,Basic Materials
2226,NEWP,Basic Materials
2227,NEWR,Technology
2228,NEWT,Financial Services
2229,NEX,Energy
2230,NEXA,Basic Materials
2231,NFBK,Financial Services
2232,NFE,Utilities
2233,NFG,Energy
2234,NFLX,Communication Services
2235,NG,Basic Materials
2236,NGD,Basic Materials
2237,NGG,Utilities
2238,NGL,Energy
2239,NGVT,Basic Materials
2240,NH,Healthcare
2241,NHC,Healthcare
2242,NHI,Real Estate
2243,NHTC,Consumer Cyclical
2244,NI,Utilities
2245,NICE,Technology
2246,NILSY,Basic Materials
2247,NINE,Energy
2248,NINOY,Consumer Cyclical
2249,NJR,Utilities
2250,NKE,Consumer Cyclical
2251,NKLA,Consumer Cyclical
2252,NKTR,Healthcare
2253,NLOK,Technology
2254,NLS,Consumer Cyclical
2255,NLSN,Industrials
2256,NLY,Real Estate
2257,NM,Industrials
2258,NMIH,Financial Services
2259,NMR,Financial Services
2260,NMRK,Real Estate
2261,NNBR,Industrials
2262,NNDM,Technology
2263,NNDNF,Industrials
2264,NNI,Financial Services
2265,NNN,Real Estate
2266,NNOX,Healthcare
2267,NNVC,Healthcare
2268,NOA,Energy
2269,NOC,Industrials
2270,NODK,Financial Services
2271,NOG,Energy
2272,NOK,Technology
2273,NOMD,Consumer Defensive
2274,NOV,Energy
2275,NOVA,Technology
2276,NOVT,Technology
2277,NOW,Technology
2278,NP,Basic Materials
2279,NPK,Industrials
2280,NPO,Industrials
2281,NPPXF,Communication Services
2282,NPSNY,Communication Services
2283,NR,Energy
2284,NRDS,Financial Services
2285,NRDY,Technology
2286,NRG,Utilities
2287,NRIM,Financial Services
2288,NRXP,Healthcare
2289,NRZ,Real Estate
2290,NS,Energy
2291,NSA,Real Estate
2292,NSC,Industrials
2293,NSIT,Technology
2294,NSP,Industrials
2295,NSRGY,Consumer Defensive
2296,NSSC,Industrials
2297,NSTG,Healthcare
2298,NTAP,Technology
2299,NTB,Financial Services
2300,NTCT,Technology
2301,NTDOF,Communication Services
2302,NTES,Communication Services
2303,NTGR,Technology
2304,NTLA,Healthcare
2305,NTNX,Technology
2306,NTP,Real Estate
2307,NTR,Basic Materials
2308,NTRA,Healthcare
2309,NTRS,Financial Services
2310,NUAN,Technology
2311,NUE,Basic Materials
2312,NUS,Consumer Defensive
2313,NUVA,Healthcare
2314,NUVB,Healthcare
2315,NVAX,Healthcare
2316,NVCN,Healthcare
2317,NVCR,Healthcare
2318,NVDA,Technology
2319,NVEC,Technology
2320,NVEE,Industrials
2321,NVEI,Technology
2322,NVMI,Technology
2323,NVO,Healthcare
2324,NVR,Consumer Cyclical
2325,NVRO,Healthcare
2326,NVS,Healthcare
2327,NVST,Healthcare
2328,NVT,Industrials
2329,NVTA,Healthcare
2330,NWBI,Financial Services
2331,NWE,Utilities
2332,NWG,Financial Services
2333,NWL,Consumer Defensive
2334,NWLI,Financial Services
2335,NWN,Utilities
2336,NWPX,Industrials
2337,NWS,Communication Services
2338,NX,Industrials
2339,NXPI,Technology
2340,NXRT,Real Estate
2341,NXST,Communication Services
2342,NYCB,Financial Services
2343,NYMT,Real Estate
2344,NYMX,Healthcare
2345,NYT,Communication Services
2346,NZTCF,Communication Services
2347,O,Real Estate
2348,OAOFY,Energy
2349,OBNK,Financial Services
2350,OC,Industrials
2351,OCFC,Financial Services
2352,OCGN,Healthcare
2353,OCN,Financial Services
2354,OCUL,Healthcare
2355,OCX,Healthcare
2356,ODC,Basic Materials
2357,ODFL,Industrials
2358,ODP,Consumer Cyclical
2359,OESX,Industrials
2360,OFC,Real Estate
2361,OFED,Financial Services
2362,OFG,Financial Services
2363,OFIX,Healthcare
2364,OFLX,Industrials
2365,OGE,Utilities
2366,OGEN,Healthcare
2367,OGN,Healthcare
2368,OGS,Utilities
2369,OGZPY,Energy
2370,OHI,Real Estate
2371,OI,Consumer Cyclical
2372,OII,Energy
2373,OIIM,Technology
2374,OIS,Energy
2375,OKE,Energy
2376,OKTA,Technology
2377,OLB,Technology
2378,OLED,Technology
2379,OLLI,Consumer Defensive
2380,OLN,Basic Materials
2381,OLO,Technology
2382,OLPX,Consumer Cyclical
2383,OM,Healthcare
2384,OMAB,Industrials
2385,OMC,Communication Services
2386,OMCL,Healthcare
2387,OMF,Financial Services
2388,OMI,Healthcare
2389,ON,Technology
2390,ONB,Financial Services
2391,ONCY,Healthcare
2392,ONEM,Healthcare
2393,ONTO,Technology
2394,ONTX,Healthcare
2395,ONVO,Healthcare
2396,OOMA,Communication Services
2397,OPAD,Real Estate
2398,OPCH,Healthcare
2399,OPEN,Real Estate
2400,OPGN,Healthcare
2401,OPI,Real Estate
2402,OPK,Healthcare
2403,OPOF,Financial Services
2404,OPRA,Technology
2405,OPTT,Industrials
2406,OPY,Financial Services
2407,OR,Basic Materials
2408,ORA,Utilities
2409,ORAN,Communication Services
2410,ORC,Real Estate
2411,ORCC,Financial Services
2412,ORCL,Technology
2413,ORGN,Basic Materials
2414,ORGO,Healthcare
2415,ORI,Financial Services
2416,ORIC,Healthcare
2417,ORKLF,Consumer Defensive
2418,ORLA,Basic Materials
2419,ORLY,Consumer Cyclical
2420,ORN,Industrials
2421,ORRF,Financial Services
2422,ORTX,Healthcare
2423,OSBC,Financial Services
2424,OSG,Energy
2425,OSH,Healthcare
2426,OSIS,Technology
2427,OSK,Industrials
2428,OSTK,Consumer Cyclical
2429,OSW,Consumer Cyclical
2430,OTEX,Technology
2431,OTGLF,Communication Services
2432,OTIS,Industrials
2433,OTLK,Healthcare
2434,OTLY,Consumer Defensive
2435,OTRK,Healthcare
2436,OTTR,Utilities
2437,OUST,Technology
2438,OUT,Real Estate
2439,OVBC,Financial Services
2440,OVID,Healthcare
2441,OVV,Energy
2442,OWLT,Healthcare
2443,OXM,Consumer Cyclical
2444,OXSQ,Financial Services
2445,OXY,Energy
2446,OYST,Healthcare
2447,OZK,Financial Services
2448,OZON,Consumer Cyclical
2449,PAA,Energy
2450,PAAS,Basic Materials
2451,PAC,Industrials
2452,PACB,Healthcare
2453,PACK,Consumer Cyclical
2454,PACW,Financial Services
2455,PAE,Industrials
2456,PAG,Consumer Cyclical
2457,PAHC,Healthcare
2458,PAM,Utilities
2459,PANW,Technology
2460,PARR,Energy
2461,PATH,Technology
2462,PATK,Consumer Cyclical
2463,PAVM,Healthcare
2464,PAX,Financial Services
2465,PAY,Technology
2466,PAYA,Technology
2467,PAYC,Technology
2468,PAYS,Industrials
2469,PAYX,Industrials
2470,PB,Financial Services
2471,PBA,Energy
2472,PBCTP,Financial Services
2473,PBF,Energy
2474,PBFX,Energy
2475,PBH,Healthcare
2476,PBIP,Financial Services
2477,PBPB,Consumer Cyclical
2478,PBR,Energy
2479,PCAR,Industrials
2480,PCG,Utilities
2481,PCH,Real Estate
2482,PCI,Financial Services
2483,PCOR,Technology
2484,PCRX,Healthcare
2485,PCSB,Financial Services
2486,PCTY,Technology
2487,PCVX,Healthcare
2488,PCYG,Technology
2489,PD,Technology
2490,PDCE,Energy
2491,PDCO,Healthcare
2492,PDM,Real Estate
2493,PDS,Energy
2494,PDSB,Healthcare
2495,PEAK,Real Estate
2496,PEB,Real Estate
2497,PEBK,Financial Services
2498,PECO,Real Estate
2499,PED,Energy
2500,PEG,Utilities
2501,PEGA,Technology
2502,PEI,Real Estate
2503,PEN,Healthcare
2504,PENN,Consumer Cyclical
2505,PEP,Consumer Defensive
2506,PETS,Healthcare
2507,PFE,Healthcare
2508,PFG,Financial Services
2509,PFGC,Consumer Defensive
2510,PFIS,Financial Services
2511,PFLT,Financial Services
2512,PFS,Financial Services
2513,PFSI,Financial Services
2514,PG,Consumer Defensive
2515,PGEN,Healthcare
2516,PGNY,Healthcare
2517,PGR,Financial Services
2518,PGRE,Real Estate
2519,PGTI,Industrials
2520,PH,Industrials
2521,PHAS,Healthcare
2522,PHAT,Healthcare
2523,PHG,Healthcare
2524,PHI,Communication Services
2525,PHM,Consumer Cyclical
2526,PHR,Healthcare
2527,PHUN,Technology
2528,PI,Technology
2529,PII,Consumer Cyclical
2530,PIK,Consumer Cyclical
2531,PINC,Healthcare
2532,PING,Technology
2533,PINS,Communication Services
2534,PIPR,Financial Services
2535,PIRS,Healthcare
2536,PIXY,Industrials
2537,PJT,Financial Services
2538,PK,Real Estate
2539,PKBK,Financial Services
2540,PKE,Industrials
2541,PKG,Consumer Cyclical
2542,PKI,Healthcare
2543,PKX,Basic Materials
2544,PLAB,Technology
2545,PLAN,Technology
2546,PLAY,Communication Services
2547,PLBY,Consumer Cyclical
2548,PLCE,Consumer Cyclical
2549,PLD,Real Estate
2550,PLG,Basic Materials
2551,PLM,Basic Materials
2552,PLMR,Financial Services
2553,PLNT,Consumer Cyclical
2554,PLOW,Consumer Cyclical
2555,PLPC,Industrials
2556,PLSE,Healthcare
2557,PLTK,Communication Services
2558,PLTR,Technology
2559,PLUG,Industrials
2560,PLUS,Technology
2561,PLX,Healthcare
2562,PLXS,Technology
2563,PLYA,Consumer Cyclical
2564,PM,Consumer Defensive
2565,PMD,Healthcare
2566,PMMAF,Consumer Cyclical
2567,PMT,Real Estate
2568,PNC,Financial Services
2569,PNFP,Financial Services
2570,PNGAY,Financial Services
2571,PNM,Utilities
2572,PNNT,Financial Services
2573,PNR,Industrials
2574,PNW,Utilities
2575,PODD,Healthcare
2576,POLA,Industrials
2577,POLY,Technology
2578,POOL,Consumer Cyclical
2579,POR,Utilities
2580,POSH,Consumer Cyclical
2581,POST,Consumer Defensive
2582,POWI,Technology
2583,POWL,Industrials
2584,POWW,Industrials
2585,PPBI,Financial Services
2586,PPC,Consumer Defensive
2587,PPD,Healthcare
2588,PPERF,Financial Services
2589,PPG,Basic Materials
2590,PPL,Utilities
2591,PRA,Financial Services
2592,PRAA,Financial Services
2593,PRAX,Healthcare
2594,PRDO,Consumer Defensive
2595,PRDSF,Consumer Cyclical
2596,PRFT,Technology
2597,PRFX,Healthcare
2598,PRGO,Healthcare
2599,PRGS,Technology
2600,PRI,Financial Services
2601,PRIM,Industrials
2602,PRK,Financial Services
2603,PRLB,Industrials
2604,PRMW,Consumer Defensive
2605,PRO,Technology
2606,PROG,Healthcare
2607,PROV,Financial Services
2608,PRPL,Consumer Cyclical
2609,PRPO,Healthcare
2610,PRQR,Healthcare
2611,PRTA,Healthcare
2612,PRTK,Healthcare
2613,PRTS,Consumer Cyclical
2614,PRTY,Consumer Cyclical
2615,PRU,Financial Services
2616,PRVA,Healthcare
2617,PSA,Real Estate
2618,PSB,Real Estate
2619,PSEC,Financial Services
2620,PSFE,Technology
2621,PSHG,Industrials
2622,PSMT,Consumer Defensive
2623,PSN,Industrials
2624,PSO,Communication Services
2625,PSTG,Technology
2626,PSTH,Financial Services
2627,PSX,Energy
2628,PSXP,Energy
2629,PTC,Technology
2630,PTCT,Healthcare
2631,PTEN,Energy
2632,PTGX,Healthcare
2633,PTLO,Consumer Cyclical
2634,PTMN,Financial Services
2635,PTN,Healthcare
2636,PTNR,Communication Services
2637,PTON,Consumer Cyclical
2638,PTR,Energy
2639,PTRA,Consumer Cyclical
2640,PTVE,Consumer Cyclical
2641,PUBM,Technology
2642,PUK,Financial Services
2643,PULM,Healthcare
2644,PUMP,Energy
2645,PVBC,Financial Services
2646,PVG,Basic Materials
2647,PVH,Consumer Cyclical
2648,PWFL,Technology
2649,PWR,Industrials
2650,PWSC,Technology
2651,PX,Financial Services
2652,PXD,Energy
2653,PXLW,Technology
2654,PYPL,Financial Services
2655,PZN,Financial Services
2656,PZZA,Consumer Cyclical
2657,QCOM,Technology
2658,QCRH,Financial Services
2659,QDEL,Healthcare
2660,QGEN,Healthcare
2661,QIWI,Technology
2662,QLYS,Technology
2663,QMCO,Technology
2664,QNST,Communication Services
2665,QRTEA,Consumer Cyclical
2666,QRVO,Technology
2667,QS,Consumer Cyclical
2668,QSR,Consumer Cyclical
2669,QTNT,Healthcare
2670,QTRX,Healthcare
2671,QTWO,Technology
2672,QUAD,Industrials
2673,QUIK,Technology
2674,QUOT,Communication Services
2675,QURE,Healthcare
2676,R,Industrials
2677,RACE,Consumer Cyclical
2678,RAD,Healthcare
2679,RADA,Industrials
2680,RADI,Communication Services
2681,RAIL,Industrials
2682,RAMP,Technology
2683,RAPT,Healthcare
2684,RARE,Healthcare
2685,RAVE,Consumer Cyclical
2686,RAVN,Industrials
2687,RAZFF,Technology
2688,RBA,Industrials
2689,RBCAA,Financial Services
2690,RBGPF,Consumer Defensive
2691,RBLX,Communication Services
2692,RC,Real Estate
2693,RCEL,Healthcare
2694,RCI,Communication Services
2695,RCII,Industrials
2696,RCKT,Healthcare
2697,RCL,Consumer Cyclical
2698,RCM,Healthcare
2699,RCRRF,Industrials
2700,RCUS,Healthcare
2701,RDFN,Real Estate
2702,RDHL,Healthcare
2703,RDI,Communication Services
2704,RDN,Financial Services
2705,RDW,Industrials
2706,RDWR,Technology
2707,RDY,Healthcare
2708,RE,Financial Services
2709,REAL,Consumer Cyclical
2710,REE,Consumer Cyclical
2711,REG,Real Estate
2712,REGI,Energy
2713,REGN,Healthcare
2714,REI,Energy
2715,REKR,Technology
2716,RELX,Communication Services
2717,RELY,Technology
2718,RENN,Consumer Cyclical
2719,RENT,Consumer Cyclical
2720,REPH,Healthcare
2721,REPL,Healthcare
2722,REPYF,Energy
2723,RES,Energy
2724,RESN,Technology
2725,RETA,Healthcare
2726,REV,Consumer Defensive
2727,REVG,Industrials
2728,REX,Energy
2729,REXR,Real Estate
2730,REYN,Consumer Cyclical
2731,REZI,Industrials
2732,RF,Financial Services
2733,RFL,Healthcare
2734,RGA,Financial Services
2735,RGCO,Utilities
2736,RGEDF,Healthcare
2737,RGEN,Healthcare
2738,RGF,Consumer Defensive
2739,RGLD,Basic Materials
2740,RGLS,Healthcare
2741,RGNX,Healthcare
2742,RGR,Industrials
2743,RGS,Consumer Cyclical
2744,RH,Consumer Cyclical
2745,RHHBY,Healthcare
2746,RHI,Industrials
2747,RHP,Real Estate
2748,RICK,Consumer Cyclical
2749,RIDE,Consumer Cyclical
2750,RIG,Energy
2751,RIGL,Healthcare
2752,RILY,Financial Services
2753,RIO,Basic Materials
2754,RIOT,Technology
2755,RIVN,Consumer Cyclical
2756,RJF,Financial Services
2757,RKDA,Basic Materials
2758,RKLB,Industrials
2759,RKLY,Technology
2760,RKT,Financial Services
2761,RL,Consumer Cyclical
2762,RLAY,Healthcare
2763,RLGT,Industrials
2764,RLGY,Real Estate
2765,RLI,Financial Services
2766,RLJ,Real Estate
2767,RM,Financial Services
2768,RMAX,Real Estate
2769,RMBL,Consumer Cyclical
2770,RMBS,Technology
2771,RMD,Healthcare
2772,RMED,Healthcare
2773,RMO,Consumer Cyclical
2774,RMR,Real Estate
2775,RMTI,Healthcare
2776,RNA,Healthcare
2777,RNG,Technology
2778,RNR,Financial Services
2779,RNSDF,Consumer Cyclical
2780,RNST,Financial Services
2781,RNWK,Communication Services
2782,ROAD,Industrials
2783,ROCK,Industrials
2784,ROG,Technology
2785,ROIC,Real Estate
2786,ROK,Industrials
2787,ROKU,Communication Services
2788,ROL,Consumer Cyclical
2789,ROLL,Industrials
2790,ROOT,Financial Services
2791,ROP,Industrials
2792,ROST,Consumer Cyclical
2793,ROYMF,Industrials
2794,RPAY,Technology
2795,RPD,Technology
2796,RPM,Basic Materials
2797,RPRX,Healthcare
2798,RPT,Real Estate
2799,RRC,Energy
2800,RRD,Industrials
2801,RRGB,Consumer Cyclical
2802,RRR,Consumer Cyclical
2803,RRX,Industrials
2804,RS,Basic Materials
2805,RSG,Industrials
2806,RSI,Consumer Cyclical
2807,RSKD,Technology
2808,RTLR,Energy
2809,RTX,Industrials
2810,RUBY,Healthcare
2811,RUN,Technology
2812,RUSHA,Consumer Cyclical
2813,RVLV,Consumer Cyclical
2814,RVMD,Healthcare
2815,RVNC,Healthcare
2816,RVP,Healthcare
2817,RVSB,Financial Services
2818,RWLK,Healthcare
2819,RWT,Real Estate
2820,RXRX,Healthcare
2821,RXT,Technology
2822,RY,Financial Services
2823,RYAM,Basic Materials
2824,RYAN,Financial Services
2825,RYCEF,Industrials
2826,RYDAF,Energy
2827,RYI,Industrials
2828,RYN,Real Estate
2829,S,Technology
2830,SABR,Technology
2831,SACH,Real Estate
2832,SAFE,Real Estate
2833,SAFM,Consumer Defensive
2834,SAFRF,Industrials
2835,SAFT,Financial Services
2836,SAGE,Healthcare
2837,SAH,Consumer Cyclical
2838,SAIA,Industrials
2839,SAIC,Technology
2840,SAIL,Technology
2841,SALM,Communication Services
2842,SAM,Consumer Defensive
2843,SAMG,Financial Services
2844,SAN,Financial Services
2845,SANA,Healthcare
2846,SAND,Basic Materials
2847,SANM,Technology
2848,SAP,Technology
2849,SASR,Financial Services
2850,SATS,Technology
2851,SAVA,Healthcare
2852,SAVE,Industrials
2853,SB,Industrials
2854,SBAC,Real Estate
2855,SBCF,Financial Services
2856,SBGI,Communication Services
2857,SBGSF,Industrials
2858,SBH,Consumer Cyclical
2859,SBLK,Industrials
2860,SBNY,Financial Services
2861,SBOW,Energy
2862,SBRA,Real Estate
2863,SBRCY,Financial Services
2864,SBS,Utilities
2865,SBSI,Financial Services
2866,SBSW,Basic Materials
2867,SBUX,Consumer Cyclical
2868,SC,Financial Services
2869,SCCO,Basic Materials
2870,SCHL,Communication Services
2871,SCHN,Basic Materials
2872,SCHW,Financial Services
2873,SCI,Consumer Cyclical
2874,SCL,Basic Materials
2875,SCM,Financial Services
2876,SCOR,Communication Services
2877,SCPL,Communication Services
2878,SCS,Industrials
2879,SCSC,Technology
2880,SCVL,Consumer Cyclical
2881,SCVUF,Basic Materials
2882,SCWX,Technology
2883,SCYX,Healthcare
2884,SD,Energy
2885,SDC,Healthcare
2886,SDGR,Healthcare
2887,SDIG,Financial Services
2888,SE,Communication Services
2889,SEAC,Technology
2890,SEAS,Consumer Cyclical
2891,SEB,Industrials
2892,SEDG,Technology
2893,SEE,Consumer Cyclical
2894,SEEL,Healthcare
2895,SEER,Healthcare
2896,SEIC,Financial Services
2897,SELB,Healthcare
2898,SEM,Healthcare
2899,SEMHF,Healthcare
2900,SEMR,Technology
2901,SENEA,Consumer Defensive
2902,SENS,Healthcare
2903,SESN,Healthcare
2904,SF,Financial Services
2905,SFBS,Financial Services
2906,SFIX,Consumer Cyclical
2907,SFL,Industrials
2908,SFM,Consumer Defensive
2909,SFNC,Financial Services
2910,SFTBF,Communication Services
2911,SG,Consumer Cyclical
2912,SGBX,Industrials
2913,SGEN,Healthcare
2914,SGH,Technology
2915,SGMO,Healthcare
2916,SGMS,Consumer Cyclical
2917,SGRY,Healthcare
2918,SHAK,Consumer Cyclical
2919,SHBI,Financial Services
2920,SHC,Healthcare
2921,SHECF,Basic Materials
2922,SHEN,Communication Services
2923,SHG,Financial Services
2924,SHIP,Industrials
2925,SHLS,Technology
2926,SHLX,Energy
2927,SHO,Real Estate
2928,SHOO,Consumer Cyclical
2929,SHOP,Technology
2930,SHW,Basic Materials
2931,SI,Financial Services
2932,SID,Basic Materials
2933,SIEGY,Industrials
2934,SIEN,Healthcare
2935,SIFY,Communication Services
2936,SIG,Consumer Cyclical
2937,SIGI,Financial Services
2938,SILC,Technology
2939,SILK,Healthcare
2940,SILV,Basic Materials
2941,SIM,Basic Materials
2942,SINGF,Industrials
2943,SINT,Healthcare
2944,SIRI,Communication Services
2945,SITC,Real Estate
2946,SITE,Industrials
2947,SITM,Technology
2948,SIVB,Financial Services
2949,SIX,Consumer Cyclical
2950,SJI,Utilities
2951,SJM,Consumer Defensive
2952,SJR,Communication Services
2953,SJW,Utilities
2954,SKIL,Consumer Defensive
2955,SKLZ,Communication Services
2956,SKM,Communication Services
2957,SKSBF,Industrials
2958,SKT,Real Estate
2959,SKUFF,Industrials
2960,SKX,Consumer Cyclical
2961,SKY,Consumer Cyclical
2962,SKYW,Industrials
2963,SLAB,Technology
2964,SLB,Energy
2965,SLCA,Energy
2966,SLDB,Healthcare
2967,SLF,Financial Services
2968,SLG,Real Estate
2969,SLGG,Communication Services
2970,SLGN,Consumer Cyclical
2971,SLM,Financial Services
2972,SLP,Healthcare
2973,SLQT,Financial Services
2974,SLS,Healthcare
2975,SM,Energy
2976,SMAR,Technology
2977,SMBC,Financial Services
2978,SMCI,Technology
2979,SMECF,Industrials
2980,SMFG,Financial Services
2981,SMG,Basic Materials
2982,SMHI,Industrials
2983,SMLP,Energy
2984,SMMF,Financial Services
2985,SMMT,Healthcare
2986,SMPL,Consumer Defensive
2987,SMRT,Technology
2988,SMSI,Technology
2989,SMTC,Technology
2990,SMTS,Basic Materials
2991,SMWB,Communication Services
2992,SNA,Industrials
2993,SNAP,Communication Services
2994,SNAX,Consumer Defensive
2995,SNCR,Technology
2996,SND,Energy
2997,SNDR,Industrials
2998,SNDX,Healthcare
2999,SNEX,Financial Services
3000,SNGNF,Communication Services
3001,SNGX,Healthcare
3002,SNMRF,Utilities
3003,SNN,Healthcare
3004,SNOW,Technology
3005,SNP,Energy
3006,SNPS,Technology
3007,SNV,Financial Services
3008,SNX,Technology
3009,SNY,Healthcare
3010,SO,Utilities
3011,SOFI,Financial Services
3012,SOHO,Real Estate
3013,SOL,Technology
3014,SOLO,Consumer Cyclical
3015,SOLY,Healthcare
3016,SON,Consumer Cyclical
3017,SONM,Technology
3018,SONO,Technology
3019,SONX,Healthcare
3020,SONY,Technology
3021,SOPA,Technology
3022,SOS,Technology
3023,SP,Industrials
3024,SPB,Consumer Defensive
3025,SPCE,Industrials
3026,SPG,Real Estate
3027,SPGI,Financial Services
3028,SPI,Technology
3029,SPIR,Industrials
3030,SPLK,Technology
3031,SPNS,Technology
3032,SPNT,Financial Services
3033,SPNUF,Technology
3034,SPOK,Healthcare
3035,SPOT,Communication Services
3036,SPPI,Healthcare
3037,SPR,Industrials
3038,SPSC,Technology
3039,SPT,Technology
3040,SPTN,Consumer Defensive
3041,SPWH,Consumer Cyclical
3042,SPWR,Technology
3043,SPXC,Industrials
3044,SPXCF,Financial Services
3045,SQ,Technology
3046,SQM,Basic Materials
3047,SQSP,Technology
3048,SR,Utilities
3049,SRC,Real Estate
3050,SRCE,Financial Services
3051,SRCL,Industrials
3052,SRDX,Healthcare
3053,SRE,Utilities
3054,SREV,Technology
3055,SRG,Real Estate
3056,SRI,Consumer Cyclical
3057,SRNE,Healthcare
3058,SRPT,Healthcare
3059,SRRA,Healthcare
3060,SRRK,Healthcare
3061,SRT,Industrials
3062,SSB,Financial Services
3063,SSD,Industrials
3064,SSL,Energy
3065,SSNC,Technology
3066,SSP,Communication Services
3067,SSRM,Basic Materials
3068,SSTI,Technology
3069,SSTK,Communication Services
3070,SSYS,Technology
3071,ST,Technology
3072,STAA,Healthcare
3073,STAF,Industrials
3074,STAG,Real Estate
3075,STAR,Real Estate
3076,STBA,Financial Services
3077,STC,Financial Services
3078,STE,Healthcare
3079,STEM,Technology
3080,STEP,Financial Services
3081,STFC,Financial Services
3082,STL,Financial Services
3083,STLA,Consumer Cyclical
3084,STLD,Basic Materials
3085,STM,Technology
3086,STN,Industrials
3087,STNG,Energy
3088,STOR,Real Estate
3089,STRA,Consumer Defensive
3090,STRL,Industrials
3091,STRS,Real Estate
3092,STT,Financial Services
3093,STWD,Real Estate
3094,STX,Technology
3095,STZ,Consumer Defensive
3096,SU,Energy
3097,SUI,Real Estate
3098,SUM,Basic Materials
3099,SUMO,Technology
3100,SUMR,Consumer Defensive
3101,SUN,Energy
3102,SUNL,Financial Services
3103,SUNW,Technology
3104,SUP,Consumer Cyclical
3105,SUPN,Healthcare
3106,SUPV,Financial Services
3107,SURF,Healthcare
3108,SUZ,Basic Materials
3109,SVC,Real Estate
3110,SVM,Basic Materials
3111,SVNDF,Consumer Defensive
3112,SVRA,Healthcare
3113,SWAV,Healthcare
3114,SWBI,Industrials
3115,SWCH,Technology
3116,SWDBF,Financial Services
3117,SWI,Technology
3118,SWIR,Technology
3119,SWK,Industrials
3120,SWKS,Technology
3121,SWM,Basic Materials
3122,SWN,Energy
3123,SWTX,Healthcare
3124,SWX,Utilities
3125,SXC,Basic Materials
3126,SXI,Industrials
3127,SXT,Basic Materials
3128,SYBT,Financial Services
3129,SYBX,Healthcare
3130,SYF,Financial Services
3131,SYIEF,Basic Materials
3132,SYK,Healthcare
3133,SYNA,Technology
3134,SYNH,Healthcare
3135,SYRS,Healthcare
3136,SYY,Consumer Defensive
3137,T,Communication Services
3138,TAC,Utilities
3139,TACO,Consumer Cyclical
3140,TAK,Healthcare
3141,TAL,Consumer Defensive
3142,TALK,Healthcare
3143,TAP,Consumer Defensive
3144,TARO,Healthcare
3145,TASK,Technology
3146,TAST,Consumer Cyclical
3147,TBBK,Financial Services
3148,TBI,Industrials
3149,TBK,Financial Services
3150,TBLT,Industrials
3151,TBNK,Financial Services
3152,TBPH,Healthcare
3153,TBVPF,Consumer Defensive
3154,TCBK,Financial Services
3155,TCBX,Financial Services
3156,TCEHY,Communication Services
3157,TCFC,Financial Services
3158,TCI,Real Estate
3159,TCMD,Healthcare
3160,TCOM,Consumer Cyclical
3161,TCS,Consumer Cyclical
3162,TD,Financial Services
3163,TDC,Technology
3164,TDG,Industrials
3165,TDOC,Healthcare
3166,TDS,Communication Services
3167,TDY,Technology
3168,TEAM,Technology
3169,TECH,Healthcare
3170,TECK,Basic Materials
3171,TEF,Communication Services
3172,TEL,Technology
3173,TELL,Energy
3174,TEN,Consumer Cyclical
3175,TENB,Technology
3176,TEO,Communication Services
3177,TER,Technology
3178,TEUM,Technology
3179,TEVA,Healthcare
3180,TEX,Industrials
3181,TFC,Financial Services
3182,TFII,Industrials
3183,TFSL,Financial Services
3184,TFX,Healthcare
3185,TG,Industrials
3186,TGI,Industrials
3187,TGLS,Industrials
3188,TGNA,Communication Services
3189,TGOPF,Financial Services
3190,TGS,Energy
3191,TGT,Consumer Defensive
3192,TGTX,Healthcare
3193,TH,Energy
3194,THC,Healthcare
3195,THFF,Financial Services
3196,THG,Financial Services
3197,THLEF,Industrials
3198,THO,Consumer Cyclical
3199,THRM,Consumer Cyclical
3200,THS,Consumer Defensive
3201,TIGO,Communication Services
3202,TILE,Consumer Cyclical
3203,TIPT,Financial Services
3204,TISI,Industrials
3205,TITN,Industrials
3206,TIVC,Healthcare
3207,TIXT,Technology
3208,TJX,Consumer Cyclical
3209,TK,Energy
3210,TKC,Communication Services
3211,TKR,Industrials
3212,TLK,Communication Services
3213,TLMD,Healthcare
3214,TLPFF,Industrials
3215,TLRY,Healthcare
3216,TLS,Technology
3217,TLSA,Healthcare
3218,TLSNF,Communication Services
3219,TLYS,Consumer Cyclical
3220,TM,Consumer Cyclical
3221,TMDI,Healthcare
3222,TMHC,Consumer Cyclical
3223,TMO,Healthcare
3224,TMQ,Basic Materials
3225,TMST,Basic Materials
3226,TMUS,Communication Services
3227,TMX,Consumer Cyclical
3228,TNABY,Utilities
3229,TNC,Industrials
3230,TNDM,Healthcare
3231,TNET,Industrials
3232,TNK,Energy
3233,TNL,Consumer Cyclical
3234,TNXP,Healthcare
3235,TOELF,Technology
3236,TOL,Consumer Cyclical
3237,TOPS,Industrials
3238,TOST,Technology
3239,TOWN,Financial Services
3240,TPB,Consumer Defensive
3241,TPC,Industrials
3242,TPH,Consumer Cyclical
3243,TPHS,Real Estate
3244,TPIC,Industrials
3245,TPL,Energy
3246,TPR,Consumer Cyclical
3247,TPST,Healthcare
3248,TPTX,Healthcare
3249,TPX,Consumer Cyclical
3250,TR,Consumer Defensive
3251,TRC,Industrials
3252,TRDA,Healthcare
3253,TREC,Basic Materials
3254,TREE,Financial Services
3255,TREX,Industrials
3256,TRGP,Energy
3257,TRHC,Healthcare
3258,TRI,Industrials
3259,TRIB,Healthcare
3260,TRIP,Consumer Cyclical
3261,TRIT,Technology
3262,TRMB,Technology
3263,TRMD,Energy
3264,TRMK,Financial Services
3265,TRN,Industrials
3266,TRNO,Real Estate
3267,TROW,Financial Services
3268,TROX,Basic Materials
3269,TRP,Energy
3270,TRQ,Basic Materials
3271,TRS,Industrials
3272,TRST,Financial Services
3273,TRTN,Industrials
3274,TRTX,Real Estate
3275,TRU,Industrials
3276,TRUE,Communication Services
3277,TRUL,Industrials
3278,TRUP,Financial Services
3279,TRV,Financial Services
3280,TRVG,Communication Services
3281,TRVN,Healthcare
3282,TS,Energy
3283,TSBK,Financial Services
3284,TSC,Financial Services
3285,TSCDF,Consumer Defensive
3286,TSCO,Consumer Cyclical
3287,TSE,Basic Materials
3288,TSEM,Technology
3289,TSLA,Consumer Cyclical
3290,TSLX,Financial Services
3291,TSM,Technology
3292,TSN,Consumer Defensive
3293,TSP,Industrials
3294,TT,Industrials
3295,TTC,Industrials
3296,TTCF,Consumer Defensive
3297,TTD,Technology
3298,TTE,Energy
3299,TTEC,Technology
3300,TTEK,Industrials
3301,TTGT,Communication Services
3302,TTI,Energy
3303,TTM,Consumer Cyclical
3304,TTMI,Technology
3305,TTNP,Healthcare
3306,TTOO,Healthcare
3307,TTWO,Communication Services
3308,TU,Communication Services
3309,TUFN,Technology
3310,TUP,Consumer Cyclical
3311,TUSK,Energy
3312,TUYA,Technology
3313,TV,Communication Services
3314,TVTX,Healthcare
3315,TVTY,Healthcare
3316,TW,Financial Services
3317,TWI,Industrials
3318,TWIN,Industrials
3319,TWKS,Technology
3320,TWLO,Communication Services
3321,TWNK,Consumer Defensive
3322,TWO,Real Estate
3323,TWOU,Consumer Defensive
3324,TWST,Healthcare
3325,TWTR,Communication Services
3326,TX,Basic Materials
3327,TXG,Healthcare
3328,TXMD,Healthcare
3329,TXN,Technology
3330,TXRH,Consumer Cyclical
3331,TXT,Industrials
3332,TYL,Technology
3333,TYME,Healthcare
3334,U,Technology
3335,UA,Consumer Cyclical
3336,UAL,Industrials
3337,UAVS,Industrials
3338,UBA,Real Estate
3339,UBER,Technology
3340,UBS,Financial Services
3341,UBSI,Financial Services
3342,UBX,Healthcare
3343,UCBI,Financial Services
3344,UDMY,Consumer Defensive
3345,UDR,Real Estate
3346,UE,Real Estate
3347,UEC,Energy
3348,UFCS,Financial Services
3349,UFI,Consumer Cyclical
3350,UFPI,Basic Materials
3351,UFPT,Healthcare
3352,UFS,Basic Materials
3353,UGI,Utilities
3354,UGP,Energy
3355,UHAL,Industrials
3356,UHS,Healthcare
3357,UHT,Real Estate
3358,UI,Technology
3359,UIHC,Financial Services
3360,UIS,Technology
3361,UL,Consumer Defensive
3362,ULH,Industrials
3363,ULTA,Consumer Cyclical
3364,UMBF,Financial Services
3365,UMC,Technology
3366,UMH,Real Estate
3367,UMPQ,Financial Services
3368,UNB,Financial Services
3369,UNF,Industrials
3370,UNFI,Consumer Defensive
3371,UNH,Healthcare
3372,UNIT,Real Estate
3373,UNM,Financial Services
3374,UNP,Industrials
3375,UNPA,Financial Services
3376,UNTY,Financial Services
3377,UNVR,Basic Materials
3378,UONE,Communication Services
3379,UP,Industrials
3380,UPH,Healthcare
3381,UPLD,Technology
3382,UPS,Industrials
3383,UPST,Financial Services
3384,UPWK,Industrials
3385,URBN,Consumer Cyclical
3386,URI,Industrials
3387,USAC,Energy
3388,USAS,Basic Materials
3389,USAU,Basic Materials
3390,USB,Financial Services
3391,USDP,Industrials
3392,USER,Technology
3393,USFD,Consumer Defensive
3394,USM,Communication Services
3395,USNA,Consumer Defensive
3396,USWS,Energy
3397,USX,Industrials
3398,UTHR,Healthcare
3399,UTL,Utilities
3400,UTRS,Healthcare
3401,UTZ,Consumer Defensive
3402,UUUU,Energy
3403,UVSP,Financial Services
3404,UVV,Consumer Defensive
3405,UWMC,Financial Services
3406,V,Financial Services
3407,VAC,Consumer Cyclical
3408,VAL,Energy
3409,VALE,Basic Materials
3410,VAPO,Healthcare
3411,VAXX,Healthcare
3412,VBIV,Healthcare
3413,VBTX,Financial Services
3414,VC,Consumer Cyclical
3415,VCEL,Healthcare
3416,VCRA,Technology
3417,VCTR,Financial Services
3418,VCYT,Healthcare
3419,VECO,Technology
3420,VEEV,Healthcare
3421,VEOEF,Industrials
3422,VEON,Communication Services
3423,VERB,Technology
3424,VERI,Technology
3425,VERU,Healthcare
3426,VERX,Technology
3427,VET,Energy
3428,VFC,Consumer Cyclical
3429,VFF,Consumer Defensive
3430,VG,Communication Services
3431,VGR,Consumer Defensive
3432,VGZ,Basic Materials
3433,VHI,Basic Materials
3434,VIAC,Communication Services
3435,VIAV,Technology
3436,VICI,Real Estate
3437,VICR,Technology
3438,VIPS,Consumer Cyclical
3439,VIR,Healthcare
3440,VIRT,Financial Services
3441,VISL,Technology
3442,VIV,Communication Services
3443,VIVE,Healthcare
3444,VIVO,Healthcare
3445,VKTX,Healthcare
3446,VLDR,Technology
3447,VLN,Technology
3448,VLO,Energy
3449,VLRS,Industrials
3450,VLTA,Consumer Cyclical
3451,VLY,Financial Services
3452,VMC,Basic Materials
3453,VMI,Industrials
3454,VMW,Technology
3455,VNDA,Healthcare
3456,VNE,Consumer Cyclical
3457,VNO,Real Estate
3458,VNOM,Energy
3459,VNT,Technology
3460,VNTR,Basic Materials
3461,VOD,Communication Services
3462,VOLVF,Industrials
3463,VOXX,Technology
3464,VOYA,Financial Services
3465,VPG,Technology
3466,VRA,Consumer Cyclical
3467,VRAY,Healthcare
3468,VREX,Healthcare
3469,VRM,Consumer Cyclical
3470,VRNS,Technology
3471,VRNT,Technology
3472,VRRM,Industrials
3473,VRS,Basic Materials
3474,VRSK,Industrials
3475,VRSN,Technology
3476,VRT,Industrials
3477,VRTS,Financial Services
3478,VRTV,Industrials
3479,VRTX,Healthcare
3480,VS,Communication Services
3481,VSAT,Technology
3482,VSCO,Consumer Cyclical
3483,VSH,Technology
3484,VST,Utilities
3485,VSTM,Healthcare
3486,VSTO,Consumer Cyclical
3487,VTEX,Technology
3488,VTGN,Healthcare
3489,VTNR,Energy
3490,VTR,Real Estate
3491,VTRS,Healthcare
3492,VTVT,Healthcare
3493,VUZI,Technology
3494,VVI,Industrials
3495,VVNT,Industrials
3496,VVPR,Technology
3497,VVV,Energy
3498,VXRT,Healthcare
3499,VYGR,Healthcare
3500,VYNE,Healthcare
3501,VZ,Communication Services
3502,VZIO,Technology
3503,W,Consumer Cyclical
3504,WAB,Industrials
3505,WABC,Financial Services
3506,WAFD,Financial Services
3507,WAL,Financial Services
3508,WASH,Financial Services
3509,WAT,Healthcare
3510,WATT,Technology
3511,WB,Communication Services
3512,WBA,Healthcare
3513,WBEV,Consumer Defensive
3514,WBK,Financial Services
3515,WBS,Financial Services
3516,WBT,Industrials
3517,WCC,Industrials
3518,WCN,Industrials
3519,WD,Financial Services
3520,WDAY,Technology
3521,WDC,Technology
3522,WDFC,Basic Materials
3523,WE,Real Estate
3524,WEAV,Technology
3525,WEBR,Consumer Cyclical
3526,WEC,Utilities
3527,WELL,Real Estate
3528,WEN,Consumer Cyclical
3529,WERN,Industrials
3530,WES,Energy
3531,WETF,Financial Services
3532,WEX,Technology
3533,WEYS,Consumer Cyclical
3534,WF,Financial Services
3535,WFC,Financial Services
3536,WFG,Basic Materials
3537,WGO,Consumer Cyclical
3538,WH,Consumer Cyclical
3539,WHD,Energy
3540,WHG,Financial Services
3541,WHLR,Real Estate
3542,WHR,Consumer Cyclical
3543,WINA,Consumer Cyclical
3544,WING,Consumer Cyclical
3545,WIRE,Industrials
3546,WISH,Consumer Cyclical
3547,WIT,Technology
3548,WIX,Technology
3549,WK,Technology
3550,WKHS,Consumer Cyclical
3551,WLDN,Industrials
3552,WLK,Basic Materials
3553,WLL,Energy
3554,WLMIF,Consumer Defensive
3555,WLTW,Financial Services
3556,WM,Industrials
3557,WMB,Energy
3558,WMG,Communication Services
3559,WMK,Consumer Defensive
3560,WMMVF,Consumer Defensive
3561,WMS,Industrials
3562,WMT,Consumer Defensive
3563,WNC,Industrials
3564,WNEB,Financial Services
3565,WNS,Technology
3566,WOLF,Technology
3567,WOOF,Consumer Cyclical
3568,WOR,Industrials
3569,WOW,Communication Services
3570,WPC,Real Estate
3571,WPM,Basic Materials
3572,WPP,Communication Services
3573,WPRT,Consumer Cyclical
3574,WRB,Financial Services
3575,WRE,Real Estate
3576,WRK,Consumer Cyclical
3577,WRLD,Financial Services
3578,WSBC,Financial Services
3579,WSC,Industrials
3580,WSFS,Financial Services
3581,WSM,Consumer Cyclical
3582,WSO,Industrials
3583,WSR,Real Estate
3584,WST,Healthcare
3585,WTER,Consumer Defensive
3586,WTFC,Financial Services
3587,WTI,Energy
3588,WTM,Financial Services
3589,WTRG,Utilities
3590,WTRH,Technology
3591,WTS,Industrials
3592,WTTR,Energy
3593,WU,Financial Services
3594,WW,Consumer Cyclical
3595,WWD,Industrials
3596,WWE,Communication Services
3597,WWR,Basic Materials
3598,WWW,Consumer Cyclical
3599,WY,Real Estate
3600,WYNN,Consumer Cyclical
3601,X,Basic Materials
3602,XBIT,Healthcare
3603,XEL,Utilities
3604,XELA,Technology
3605,XENE,Healthcare
3606,XENT,Healthcare
3607,XERS,Healthcare
3608,XFOR,Healthcare
3609,XHR,Real Estate
3610,XL,Consumer Cyclical
3611,XLNX,Technology
3612,XLO,Healthcare
3613,XLRN,Healthcare
3614,XM,Technology
3615,XNCR,Healthcare
3616,XNET,Communication Services
3617,XOM,Energy
3618,XPEL,Consumer Cyclical
3619,XPER,Technology
3620,XPL,Basic Materials
3621,XPO,Industrials
3622,XPOF,Consumer Cyclical
3623,XRAY,Healthcare
3624,XRX,Technology
3625,XSPA,Consumer Cyclical
3626,XXII,Healthcare
3627,XYL,Industrials
3628,Y,Financial Services
3629,YCBD,Healthcare
3630,YELP,Communication Services
3631,YETI,Consumer Cyclical
3632,YEXT,Technology
3633,YGYI,Consumer Defensive
3634,YMAB,Healthcare
3635,YNDX,Communication Services
3636,YORW,Utilities
3637,YOU,Technology
3638,YPF,Energy
3639,YTEN,Basic Materials
3640,YUM,Consumer Cyclical
3641,YUMC,Consumer Cyclical
3642,YY,Communication Services
3643,ZBH,Healthcare
3644,ZBRA,Technology
3645,ZEN,Technology
3646,ZETA,Technology
3647,ZEUS,Basic Materials
3648,ZG,Communication Services
3649,ZGNX,Healthcare
3650,ZI,Technology
3651,ZIM,Industrials
3652,ZION,Financial Services
3653,ZIOP,Healthcare
3654,ZIP,Industrials
3655,ZIXI,Technology
3656,ZKIN,Basic Materials
3657,ZLAB,Healthcare
3658,ZM,Technology
3659,ZNGA,Communication Services
3660,ZNH,Industrials
3661,ZNTL,Healthcare
3662,ZOM,Healthcare
3663,ZS,Technology
3664,ZSAN,Healthcare
3665,ZTO,Industrials
3666,ZTS,Healthcare
3667,ZUMZ,Consumer Cyclical
3668,ZUO,Technology
3669,ZVIA,Consumer Defensive
3670,ZVO,Consumer Defensive
3671,ZYME,Healthcare
3672,ZYNE,Healthcare
3673,ZYXI,Healthcare
